{
  "product_name": "Compose",
  "product_version": "2021.2.0.226",
  "created_on": "04/09/2021 02:45:24",
  "objects": [
    {
      "id": 67,
      "path": "/",
      "name": "customers",
      "type": "Entity",
      "creation_time": 0,
      "modification_time": 0,
      "inner_item": {
        "$type": "EntityDto",
        "time_model_entity_id": 0,
        "is_reference_entity": false,
        "save_history": true,
        "use_backdating": false,
        "use_precurse_rows": false,
        "id": 67,
        "name": "customers",
        "version": 637535323324100000,
        "metadata": {
          "creation_time": 637535323324100000,
          "modification_time": 637535323324100000,
          "tags": [],
          "caller_role": "NONE"
        }
      },
      "tags": [],
      "software_version": 1
    },
    {
      "id": 79,
      "path": "/",
      "name": "products",
      "type": "Entity",
      "creation_time": 0,
      "modification_time": 0,
      "inner_item": {
        "$type": "EntityDto",
        "time_model_entity_id": 0,
        "is_reference_entity": false,
        "save_history": true,
        "use_backdating": false,
        "use_precurse_rows": false,
        "id": 79,
        "name": "products",
        "version": 637535323331120000,
        "metadata": {
          "creation_time": 637535323331120000,
          "modification_time": 637535323331120000,
          "tags": [],
          "caller_role": "NONE"
        }
      },
      "tags": [],
      "software_version": 1
    },
    {
      "id": 90,
      "path": "/",
      "name": "region",
      "type": "Entity",
      "creation_time": 0,
      "modification_time": 0,
      "inner_item": {
        "$type": "EntityDto",
        "time_model_entity_id": 0,
        "is_reference_entity": false,
        "save_history": true,
        "use_backdating": false,
        "use_precurse_rows": false,
        "id": 90,
        "name": "region",
        "version": 637535323335030000,
        "metadata": {
          "creation_time": 637535323335030000,
          "modification_time": 637535323335030000,
          "tags": [],
          "caller_role": "NONE"
        }
      },
      "tags": [],
      "software_version": 1
    },
    {
      "id": 93,
      "path": "/",
      "name": "shippers",
      "type": "Entity",
      "creation_time": 0,
      "modification_time": 0,
      "inner_item": {
        "$type": "EntityDto",
        "time_model_entity_id": 0,
        "is_reference_entity": false,
        "save_history": true,
        "use_backdating": false,
        "use_precurse_rows": false,
        "id": 93,
        "name": "shippers",
        "version": 637535323338620000,
        "metadata": {
          "creation_time": 637535323338620000,
          "modification_time": 637535323338620000,
          "tags": [],
          "caller_role": "NONE"
        }
      },
      "tags": [],
      "software_version": 1
    },
    {
      "id": 3,
      "path": "/",
      "name": "Data Lake",
      "type": "Database",
      "creation_time": 0,
      "modification_time": 0,
      "inner_item": {
        "$type": "DatabaseDto",
        "usage": "DATA_WAREHOUSE",
        "dbms": "Databricks Delta",
        "server_name": "adb-2884993767397794.14.azuredatabricks.net",
        "database_name": "",
        "user_name": "token",
        "password": "",
        "included_schemas": "borxu_storage",
        "templateDatabaseType": "DATABRICKSDELTA",
        "original_sourcedb_id": 0,
        "has_source_definition": false,
        "landing_zone": {
          "landing_type": "DATABASE",
          "replicate_task_type": "FULL_LOAD_AND_CDC",
          "associate_with_replicate_task": false,
          "archive_settings": {
            "ct_post_processing": "DO_NOTHING"
          }
        },
        "port": 443,
        "jdbc_connection_string": "UseNativeQuery=1;spark.sql.crossJoin.enabled=true;",
        "db_settings": {
          "$type": "DatabricksDbSettings",
          "authentication_type": "DATABRICKS_DELTA",
          "authentication_settings": {
            "$type": "DatabricksConfiguration",
            "gateway_path": "sql/protocolv1/o/2884993767397794/0406-135546-decay46"
          },
          "ssl_configuration": {
            "use_ssl": false,
            "allow_self_signed_certs": false
          },
          "is_glue_metadata": false
        },
        "multibyte_character_multiplier": 1,
        "apply_ddl_changes": false,
        "max_table_cols_single_read": 100,
        "use_long_object_names": false,
        "use_zoo_keeper": false,
        "zoo_keeper_namespace": "hiveserver2",
        "cache_only_the_discovered_tables": true,
        "full_connection_string": {
          "enabled": false
        },
        "id": 3,
        "name": "Data Lake",
        "version": 637534614717880000,
        "metadata": {
          "creation_time": 637534614717880000,
          "modification_time": 637534614717880000,
          "tags": [],
          "caller_role": "NONE"
        }
      },
      "tags": [],
      "software_version": 5
    },
    {
      "id": 4,
      "path": "/",
      "name": "Landing",
      "type": "Database",
      "creation_time": 0,
      "modification_time": 0,
      "inner_item": {
        "$type": "DatabaseDto",
        "usage": "SOURCE",
        "dbms": "Databricks Delta",
        "server_name": "adb-2884993767397794.14.azuredatabricks.net",
        "database_name": "",
        "user_name": "token",
        "included_schemas": "*",
        "templateDatabaseType": "DATABRICKSDELTA",
        "original_sourcedb_id": 0,
        "has_source_definition": false,
        "landing_zone": {
          "landing_type": "DATABASE",
          "schema_name": "borxu_landing_source",
          "replicate_task_type": "FULL_LOAD_AND_CDC",
          "replicate_task_name": "Northwind to Azure Databricks",
          "associate_with_replicate_task": true,
          "archive_settings": {
            "ct_post_processing": "DELETE"
          },
          "task_uuid": "37e0c307-0996-b44d-bd7d-00cc125d9c8a"
        },
        "port": 443,
        "jdbc_connection_string": "UseNativeQuery=1;spark.sql.crossJoin.enabled=true;",
        "db_settings": {
          "$type": "DatabricksDbSettings",
          "authentication_type": "DATABRICKS_DELTA",
          "authentication_settings": {
            "$type": "DatabricksConfiguration"
          },
          "ssl_configuration": {
            "use_ssl": false,
            "allow_self_signed_certs": false
          },
          "is_glue_metadata": false
        },
        "multibyte_character_multiplier": 1,
        "apply_ddl_changes": false,
        "max_table_cols_single_read": 100,
        "use_long_object_names": false,
        "use_zoo_keeper": false,
        "zoo_keeper_namespace": "hiveserver2",
        "cache_only_the_discovered_tables": true,
        "full_connection_string": {
          "enabled": false
        },
        "id": 4,
        "name": "Landing",
        "version": 637534615019140000,
        "metadata": {
          "creation_time": 637534615019140000,
          "modification_time": 637534615019140000,
          "tags": [],
          "caller_role": "NONE"
        }
      },
      "tags": [],
      "software_version": 5
    },
    {
      "id": 5,
      "path": "/",
      "name": "Landing_Landing",
      "type": "Database",
      "creation_time": 0,
      "modification_time": 0,
      "inner_item": {
        "$type": "DatabaseDto",
        "usage": "SOURCE",
        "dbms": "Databricks Delta",
        "server_name": "adb-2884993767397794.14.azuredatabricks.net",
        "user_name": "token",
        "password": "",
        "included_schemas": "borxu_landing_source",
        "templateDatabaseType": "SQLSERVER",
        "original_sourcedb_id": 4,
        "has_source_definition": true,
        "port": 443,
        "jdbc_connection_string": "UseNativeQuery=1;spark.sql.crossJoin.enabled=true;",
        "db_settings": {
          "$type": "DatabricksDbSettings",
          "authentication_type": "DATABRICKS_DELTA",
          "authentication_settings": {
            "$type": "DatabricksConfiguration",
            "gateway_path": "sql/protocolv1/o/2884993767397794/0406-135546-decay46"
          },
          "ssl_configuration": {
            "use_ssl": false,
            "allow_self_signed_certs": false
          },
          "is_glue_metadata": false
        },
        "multibyte_character_multiplier": 1,
        "apply_ddl_changes": false,
        "max_table_cols_single_read": 100,
        "original_sourcedb_name": "Landing",
        "use_long_object_names": false,
        "use_zoo_keeper": false,
        "zoo_keeper_namespace": "hiveserver2",
        "cache_only_the_discovered_tables": true,
        "full_connection_string": {
          "enabled": false
        },
        "id": 5,
        "name": "Landing_Landing",
        "version": 637534615019920000,
        "metadata": {
          "creation_time": 637534615019920000,
          "modification_time": 637534615019920000,
          "tags": [],
          "caller_role": "NONE"
        }
      },
      "tags": [],
      "software_version": 5
    },
    {
      "id": 66,
      "path": "/",
      "name": "VersionControl",
      "type": "VersionControl",
      "creation_time": 0,
      "modification_time": 0,
      "inner_item": {
        "$type": "VersionControlDto",
        "type": "Git",
        "use_remote_server": true,
        "remote_url": "https://github.com/EndlessAx/AzureDataLakeCompose.git",
        "user_name": "borisxu523@gmail.com",
        "password": "",
        "name": "VersionControl",
        "version": 637534852774000000,
        "metadata": {
          "creation_time": 637534851350450000,
          "modification_time": 637534852774000000,
          "tags": [],
          "caller_role": "NONE"
        }
      },
      "tags": [],
      "software_version": 1
    },
    {
      "id": 1,
      "path": "/",
      "name": "settings",
      "type": "ACProjectSettings",
      "creation_time": 0,
      "modification_time": 0,
      "inner_item": {
        "$type": "ACProjectSettings",
        "from_date_col_name": "FD",
        "to_date_col_name": "TD",
        "lowest_date": "1780-01-01",
        "highest_date": "9999-12-31",
        "map_name_prefix": "Map",
        "stop_after_staging": false,
        "use_datetime2": false,
        "dwh_key_name": "ID",
        "naming_conv": {
          "dwh_prefix": "",
          "hub_suffix": "_HUB",
          "sat_suffix": "_S",
          "lnk_suffix": "_L",
          "dma_prefix": "TDMA_",
          "dwh_view_prefix": "",
          "replicate_change_table_suffix": "__ct",
          "error_mart_suffix": "__ex",
          "dma_view_prefix": "VDMA_",
          "ct_archive_suffix": "__ar",
          "control_table_prefix": "qlik_cmps_",
          "column_prefix": "header__",
          "from_date_suffix": "from_date",
          "to_date_suffix": "to_date",
          "soft_delete_suffix": "deleted",
          "created_batch_suffix": "created_batch",
          "modified_batch_suffix": "modified_batch",
          "dropped_column_suffix": "__dropped",
          "provisioning_table_prefix": "",
          "store_suffix": "store",
          "change_oper_suffix": "change_oper",
          "timestamp_suffix": "timestamp",
          "app_timestamp_suffix": "app_timestamp",
          "archive_timestamp_suffix": "archive_timestamp",
          "dl_naming_conventions": {
            "views_database_suffix": "_v",
            "internal_views_database_suffix": "_v_internal",
            "ods_view_suffix": "",
            "ods_live_view_suffix": "_live",
            "hds_view_suffix": "_history",
            "hds_live_view_suffix": "_live_history"
          }
        },
        "create_ddl_scripts_only": false,
        "ignore_data_type_check": false,
        "write_tdwm_to_db": false,
        "hide_default_workflows": false,
        "environment": {
          "environment_type": "OTHER"
        },
        "support_backdating": false,
        "use_precurse_rows": false,
        "project_type": "DL",
        "dwh_type": "MSACCESS",
        "datalakes_project_settings": {
          "public_views_info": {
            "include_store_type": true,
            "include_store_op": true,
            "include_soft_delete": true,
            "include_created_batch": true,
            "include_modified_batch": true,
            "include_timestamp": true,
            "include_app_timestamp": true,
            "include_from_date": true,
            "include_to_date": true,
            "include_archive_timestamp": true
          },
          "merge_load_into_table": true,
          "can_drop_views_db": false,
          "truncate_tables_on_full_load": true,
          "db_location": "",
          "datalake_deployment_type": "Azure",
          "datalake_storage_type": "DATABRICKSDELTA",
          "datalake_compute_type": "DATABRICKS",
          "use_buckets": true,
          "number_of_buckets": 10,
          "default_save_history": true
        },
        "delete_type": "SOFTDELETE",
        "skip_lookup_check_on_generate": false,
        "use_utc": true,
        "name": "settings",
        "version": 637534611727950000,
        "metadata": {
          "creation_time": 637534611721390000,
          "modification_time": 637534611727950000,
          "tags": [],
          "caller_role": "NONE"
        }
      },
      "tags": [],
      "software_version": 2
    },
    {
      "id": 68,
      "path": "/",
      "name": "CustomerID",
      "type": "DomainAttribute",
      "creation_time": 0,
      "modification_time": 0,
      "inner_item": {
        "$type": "DomainAttributeDto",
        "type": "String",
        "length": 0,
        "scale": 0,
        "time_model_entity_id": 0,
        "is_reference_entity": false,
        "save_history": true,
        "use_backdating": false,
        "use_precurse_rows": false,
        "id": 68,
        "name": "CustomerID",
        "version": 637535323324260000,
        "metadata": {
          "creation_time": 637535323324260000,
          "modification_time": 637535323324260000,
          "tags": [],
          "caller_role": "NONE"
        }
      },
      "tags": [],
      "software_version": 2
    },
    {
      "id": 69,
      "path": "/",
      "name": "CompanyName",
      "type": "DomainAttribute",
      "creation_time": 0,
      "modification_time": 0,
      "inner_item": {
        "$type": "DomainAttributeDto",
        "type": "String",
        "length": 0,
        "scale": 0,
        "time_model_entity_id": 0,
        "is_reference_entity": false,
        "save_history": true,
        "use_backdating": false,
        "use_precurse_rows": false,
        "id": 69,
        "name": "CompanyName",
        "version": 637535323324420000,
        "metadata": {
          "creation_time": 637535323324420000,
          "modification_time": 637535323324420000,
          "tags": [],
          "caller_role": "NONE"
        }
      },
      "tags": [],
      "software_version": 2
    },
    {
      "id": 70,
      "path": "/",
      "name": "ContactName",
      "type": "DomainAttribute",
      "creation_time": 0,
      "modification_time": 0,
      "inner_item": {
        "$type": "DomainAttributeDto",
        "type": "String",
        "length": 0,
        "scale": 0,
        "time_model_entity_id": 0,
        "is_reference_entity": false,
        "save_history": true,
        "use_backdating": false,
        "use_precurse_rows": false,
        "id": 70,
        "name": "ContactName",
        "version": 637535323324420000,
        "metadata": {
          "creation_time": 637535323324420000,
          "modification_time": 637535323324420000,
          "tags": [],
          "caller_role": "NONE"
        }
      },
      "tags": [],
      "software_version": 2
    },
    {
      "id": 71,
      "path": "/",
      "name": "ContactTitle",
      "type": "DomainAttribute",
      "creation_time": 0,
      "modification_time": 0,
      "inner_item": {
        "$type": "DomainAttributeDto",
        "type": "String",
        "length": 0,
        "scale": 0,
        "time_model_entity_id": 0,
        "is_reference_entity": false,
        "save_history": true,
        "use_backdating": false,
        "use_precurse_rows": false,
        "id": 71,
        "name": "ContactTitle",
        "version": 637535323324420000,
        "metadata": {
          "creation_time": 637535323324420000,
          "modification_time": 637535323324420000,
          "tags": [],
          "caller_role": "NONE"
        }
      },
      "tags": [],
      "software_version": 2
    },
    {
      "id": 72,
      "path": "/",
      "name": "Address",
      "type": "DomainAttribute",
      "creation_time": 0,
      "modification_time": 0,
      "inner_item": {
        "$type": "DomainAttributeDto",
        "type": "String",
        "length": 0,
        "scale": 0,
        "time_model_entity_id": 0,
        "is_reference_entity": false,
        "save_history": true,
        "use_backdating": false,
        "use_precurse_rows": false,
        "id": 72,
        "name": "Address",
        "version": 637535323324420000,
        "metadata": {
          "creation_time": 637535323324420000,
          "modification_time": 637535323324420000,
          "tags": [],
          "caller_role": "NONE"
        }
      },
      "tags": [],
      "software_version": 2
    },
    {
      "id": 73,
      "path": "/",
      "name": "City",
      "type": "DomainAttribute",
      "creation_time": 0,
      "modification_time": 0,
      "inner_item": {
        "$type": "DomainAttributeDto",
        "type": "String",
        "length": 0,
        "scale": 0,
        "time_model_entity_id": 0,
        "is_reference_entity": false,
        "save_history": true,
        "use_backdating": false,
        "use_precurse_rows": false,
        "id": 73,
        "name": "City",
        "version": 637535323324420000,
        "metadata": {
          "creation_time": 637535323324420000,
          "modification_time": 637535323324420000,
          "tags": [],
          "caller_role": "NONE"
        }
      },
      "tags": [],
      "software_version": 2
    },
    {
      "id": 74,
      "path": "/",
      "name": "Region",
      "type": "DomainAttribute",
      "creation_time": 0,
      "modification_time": 0,
      "inner_item": {
        "$type": "DomainAttributeDto",
        "type": "String",
        "length": 0,
        "scale": 0,
        "time_model_entity_id": 0,
        "is_reference_entity": false,
        "save_history": true,
        "use_backdating": false,
        "use_precurse_rows": false,
        "id": 74,
        "name": "Region",
        "version": 637535323324420000,
        "metadata": {
          "creation_time": 637535323324420000,
          "modification_time": 637535323324420000,
          "tags": [],
          "caller_role": "NONE"
        }
      },
      "tags": [],
      "software_version": 2
    },
    {
      "id": 75,
      "path": "/",
      "name": "PostalCode",
      "type": "DomainAttribute",
      "creation_time": 0,
      "modification_time": 0,
      "inner_item": {
        "$type": "DomainAttributeDto",
        "type": "String",
        "length": 0,
        "scale": 0,
        "time_model_entity_id": 0,
        "is_reference_entity": false,
        "save_history": true,
        "use_backdating": false,
        "use_precurse_rows": false,
        "id": 75,
        "name": "PostalCode",
        "version": 637535323324420000,
        "metadata": {
          "creation_time": 637535323324420000,
          "modification_time": 637535323324420000,
          "tags": [],
          "caller_role": "NONE"
        }
      },
      "tags": [],
      "software_version": 2
    },
    {
      "id": 76,
      "path": "/",
      "name": "Country",
      "type": "DomainAttribute",
      "creation_time": 0,
      "modification_time": 0,
      "inner_item": {
        "$type": "DomainAttributeDto",
        "type": "String",
        "length": 0,
        "scale": 0,
        "time_model_entity_id": 0,
        "is_reference_entity": false,
        "save_history": true,
        "use_backdating": false,
        "use_precurse_rows": false,
        "id": 76,
        "name": "Country",
        "version": 637535323324420000,
        "metadata": {
          "creation_time": 637535323324420000,
          "modification_time": 637535323324420000,
          "tags": [],
          "caller_role": "NONE"
        }
      },
      "tags": [],
      "software_version": 2
    },
    {
      "id": 77,
      "path": "/",
      "name": "Phone",
      "type": "DomainAttribute",
      "creation_time": 0,
      "modification_time": 0,
      "inner_item": {
        "$type": "DomainAttributeDto",
        "type": "String",
        "length": 0,
        "scale": 0,
        "time_model_entity_id": 0,
        "is_reference_entity": false,
        "save_history": true,
        "use_backdating": false,
        "use_precurse_rows": false,
        "id": 77,
        "name": "Phone",
        "version": 637535323324420000,
        "metadata": {
          "creation_time": 637535323324420000,
          "modification_time": 637535323324420000,
          "tags": [],
          "caller_role": "NONE"
        }
      },
      "tags": [],
      "software_version": 2
    },
    {
      "id": 78,
      "path": "/",
      "name": "Fax",
      "type": "DomainAttribute",
      "creation_time": 0,
      "modification_time": 0,
      "inner_item": {
        "$type": "DomainAttributeDto",
        "type": "String",
        "length": 0,
        "scale": 0,
        "time_model_entity_id": 0,
        "is_reference_entity": false,
        "save_history": true,
        "use_backdating": false,
        "use_precurse_rows": false,
        "id": 78,
        "name": "Fax",
        "version": 637535323324420000,
        "metadata": {
          "creation_time": 637535323324420000,
          "modification_time": 637535323324420000,
          "tags": [],
          "caller_role": "NONE"
        }
      },
      "tags": [],
      "software_version": 2
    },
    {
      "id": 80,
      "path": "/",
      "name": "ProductID",
      "type": "DomainAttribute",
      "creation_time": 0,
      "modification_time": 0,
      "inner_item": {
        "$type": "DomainAttributeDto",
        "type": "Integer",
        "length": 0,
        "scale": 0,
        "time_model_entity_id": 0,
        "is_reference_entity": false,
        "save_history": true,
        "use_backdating": false,
        "use_precurse_rows": false,
        "id": 80,
        "name": "ProductID",
        "version": 637535323331120000,
        "metadata": {
          "creation_time": 637535323331120000,
          "modification_time": 637535323331120000,
          "tags": [],
          "caller_role": "NONE"
        }
      },
      "tags": [],
      "software_version": 2
    },
    {
      "id": 81,
      "path": "/",
      "name": "ProductName",
      "type": "DomainAttribute",
      "creation_time": 0,
      "modification_time": 0,
      "inner_item": {
        "$type": "DomainAttributeDto",
        "type": "String",
        "length": 0,
        "scale": 0,
        "time_model_entity_id": 0,
        "is_reference_entity": false,
        "save_history": true,
        "use_backdating": false,
        "use_precurse_rows": false,
        "id": 81,
        "name": "ProductName",
        "version": 637535323331120000,
        "metadata": {
          "creation_time": 637535323331120000,
          "modification_time": 637535323331120000,
          "tags": [],
          "caller_role": "NONE"
        }
      },
      "tags": [],
      "software_version": 2
    },
    {
      "id": 82,
      "path": "/",
      "name": "SupplierID",
      "type": "DomainAttribute",
      "creation_time": 0,
      "modification_time": 0,
      "inner_item": {
        "$type": "DomainAttributeDto",
        "type": "Integer",
        "length": 0,
        "scale": 0,
        "time_model_entity_id": 0,
        "is_reference_entity": false,
        "save_history": true,
        "use_backdating": false,
        "use_precurse_rows": false,
        "id": 82,
        "name": "SupplierID",
        "version": 637535323331120000,
        "metadata": {
          "creation_time": 637535323331120000,
          "modification_time": 637535323331120000,
          "tags": [],
          "caller_role": "NONE"
        }
      },
      "tags": [],
      "software_version": 2
    },
    {
      "id": 83,
      "path": "/",
      "name": "CategoryID",
      "type": "DomainAttribute",
      "creation_time": 0,
      "modification_time": 0,
      "inner_item": {
        "$type": "DomainAttributeDto",
        "type": "Integer",
        "length": 0,
        "scale": 0,
        "time_model_entity_id": 0,
        "is_reference_entity": false,
        "save_history": true,
        "use_backdating": false,
        "use_precurse_rows": false,
        "id": 83,
        "name": "CategoryID",
        "version": 637535323331120000,
        "metadata": {
          "creation_time": 637535323331120000,
          "modification_time": 637535323331120000,
          "tags": [],
          "caller_role": "NONE"
        }
      },
      "tags": [],
      "software_version": 2
    },
    {
      "id": 84,
      "path": "/",
      "name": "QuantityPerUnit",
      "type": "DomainAttribute",
      "creation_time": 0,
      "modification_time": 0,
      "inner_item": {
        "$type": "DomainAttributeDto",
        "type": "String",
        "length": 0,
        "scale": 0,
        "time_model_entity_id": 0,
        "is_reference_entity": false,
        "save_history": true,
        "use_backdating": false,
        "use_precurse_rows": false,
        "id": 84,
        "name": "QuantityPerUnit",
        "version": 637535323331120000,
        "metadata": {
          "creation_time": 637535323331120000,
          "modification_time": 637535323331120000,
          "tags": [],
          "caller_role": "NONE"
        }
      },
      "tags": [],
      "software_version": 2
    },
    {
      "id": 85,
      "path": "/",
      "name": "UnitPrice",
      "type": "DomainAttribute",
      "creation_time": 0,
      "modification_time": 0,
      "inner_item": {
        "$type": "DomainAttributeDto",
        "type": "Decimal",
        "length": 19,
        "scale": 4,
        "time_model_entity_id": 0,
        "is_reference_entity": false,
        "save_history": true,
        "use_backdating": false,
        "use_precurse_rows": false,
        "id": 85,
        "name": "UnitPrice",
        "version": 637535323331120000,
        "metadata": {
          "creation_time": 637535323331120000,
          "modification_time": 637535323331120000,
          "tags": [],
          "caller_role": "NONE"
        }
      },
      "tags": [],
      "software_version": 2
    },
    {
      "id": 86,
      "path": "/",
      "name": "UnitsInStock",
      "type": "DomainAttribute",
      "creation_time": 0,
      "modification_time": 0,
      "inner_item": {
        "$type": "DomainAttributeDto",
        "type": "Integer",
        "length": 0,
        "scale": 0,
        "time_model_entity_id": 0,
        "is_reference_entity": false,
        "save_history": true,
        "use_backdating": false,
        "use_precurse_rows": false,
        "id": 86,
        "name": "UnitsInStock",
        "version": 637535323331120000,
        "metadata": {
          "creation_time": 637535323331120000,
          "modification_time": 637535323331120000,
          "tags": [],
          "caller_role": "NONE"
        }
      },
      "tags": [],
      "software_version": 2
    },
    {
      "id": 87,
      "path": "/",
      "name": "UnitsOnOrder",
      "type": "DomainAttribute",
      "creation_time": 0,
      "modification_time": 0,
      "inner_item": {
        "$type": "DomainAttributeDto",
        "type": "Integer",
        "length": 0,
        "scale": 0,
        "time_model_entity_id": 0,
        "is_reference_entity": false,
        "save_history": true,
        "use_backdating": false,
        "use_precurse_rows": false,
        "id": 87,
        "name": "UnitsOnOrder",
        "version": 637535323331280000,
        "metadata": {
          "creation_time": 637535323331280000,
          "modification_time": 637535323331280000,
          "tags": [],
          "caller_role": "NONE"
        }
      },
      "tags": [],
      "software_version": 2
    },
    {
      "id": 88,
      "path": "/",
      "name": "ReorderLevel",
      "type": "DomainAttribute",
      "creation_time": 0,
      "modification_time": 0,
      "inner_item": {
        "$type": "DomainAttributeDto",
        "type": "Integer",
        "length": 0,
        "scale": 0,
        "time_model_entity_id": 0,
        "is_reference_entity": false,
        "save_history": true,
        "use_backdating": false,
        "use_precurse_rows": false,
        "id": 88,
        "name": "ReorderLevel",
        "version": 637535323331280000,
        "metadata": {
          "creation_time": 637535323331280000,
          "modification_time": 637535323331280000,
          "tags": [],
          "caller_role": "NONE"
        }
      },
      "tags": [],
      "software_version": 2
    },
    {
      "id": 89,
      "path": "/",
      "name": "Discontinued",
      "type": "DomainAttribute",
      "creation_time": 0,
      "modification_time": 0,
      "inner_item": {
        "$type": "DomainAttributeDto",
        "type": "Integer",
        "length": 0,
        "scale": 0,
        "time_model_entity_id": 0,
        "is_reference_entity": false,
        "save_history": true,
        "use_backdating": false,
        "use_precurse_rows": false,
        "id": 89,
        "name": "Discontinued",
        "version": 637535323331280000,
        "metadata": {
          "creation_time": 637535323331280000,
          "modification_time": 637535323331280000,
          "tags": [],
          "caller_role": "NONE"
        }
      },
      "tags": [],
      "software_version": 2
    },
    {
      "id": 91,
      "path": "/",
      "name": "RegionID",
      "type": "DomainAttribute",
      "creation_time": 0,
      "modification_time": 0,
      "inner_item": {
        "$type": "DomainAttributeDto",
        "type": "Integer",
        "length": 0,
        "scale": 0,
        "time_model_entity_id": 0,
        "is_reference_entity": false,
        "save_history": true,
        "use_backdating": false,
        "use_precurse_rows": false,
        "id": 91,
        "name": "RegionID",
        "version": 637535323335030000,
        "metadata": {
          "creation_time": 637535323335030000,
          "modification_time": 637535323335030000,
          "tags": [],
          "caller_role": "NONE"
        }
      },
      "tags": [],
      "software_version": 2
    },
    {
      "id": 92,
      "path": "/",
      "name": "RegionDescription",
      "type": "DomainAttribute",
      "creation_time": 0,
      "modification_time": 0,
      "inner_item": {
        "$type": "DomainAttributeDto",
        "type": "String",
        "length": 0,
        "scale": 0,
        "time_model_entity_id": 0,
        "is_reference_entity": false,
        "save_history": true,
        "use_backdating": false,
        "use_precurse_rows": false,
        "id": 92,
        "name": "RegionDescription",
        "version": 637535323335030000,
        "metadata": {
          "creation_time": 637535323335030000,
          "modification_time": 637535323335030000,
          "tags": [],
          "caller_role": "NONE"
        }
      },
      "tags": [],
      "software_version": 2
    },
    {
      "id": 94,
      "path": "/",
      "name": "ShipperID",
      "type": "DomainAttribute",
      "creation_time": 0,
      "modification_time": 0,
      "inner_item": {
        "$type": "DomainAttributeDto",
        "type": "Integer",
        "length": 0,
        "scale": 0,
        "time_model_entity_id": 0,
        "is_reference_entity": false,
        "save_history": true,
        "use_backdating": false,
        "use_precurse_rows": false,
        "id": 94,
        "name": "ShipperID",
        "version": 637535323338620000,
        "metadata": {
          "creation_time": 637535323338620000,
          "modification_time": 637535323338620000,
          "tags": [],
          "caller_role": "NONE"
        }
      },
      "tags": [],
      "software_version": 2
    },
    {
      "id": 2,
      "path": "/",
      "name": "Azure Data Lake Databricks",
      "type": "ExecutionServiceDto",
      "creation_time": 0,
      "modification_time": 0,
      "inner_item": {
        "$type": "ExecutionServiceDto",
        "max_runtime_instances_to_keep": 100,
        "name": "Azure Data Lake Databricks",
        "version": 637535310985550000,
        "metadata": {
          "creation_time": 637534611721550000,
          "modification_time": 637535310985550000,
          "tags": [],
          "caller_role": "NONE"
        }
      },
      "tags": [],
      "software_version": 1
    },
    {
      "id": 95,
      "path": "/",
      "name": "d6e8de6e-14e7-4419-b417-e27e76dc64e2",
      "type": "TableColumn",
      "creation_time": 0,
      "modification_time": 0,
      "inner_item": {
        "$type": "TableColumnDto",
        "poe": 67,
        "pbe": 68,
        "prefix": "",
        "is_primary": true,
        "history_type": "N",
        "block": 0,
        "ordinal": 100,
        "time_model_role_id": 0,
        "id": 95,
        "name": "d6e8de6e-14e7-4419-b417-e27e76dc64e2",
        "version": 637535323338780000,
        "metadata": {
          "creation_time": 637535323338780000,
          "modification_time": 637535323338780000,
          "tags": [],
          "caller_role": "NONE"
        }
      },
      "tags": [],
      "software_version": 1
    },
    {
      "id": 96,
      "path": "/",
      "name": "f3d51ec2-9c77-48ab-8309-11cbd2f94f50",
      "type": "TableColumn",
      "creation_time": 0,
      "modification_time": 0,
      "inner_item": {
        "$type": "TableColumnDto",
        "poe": 79,
        "pbe": 80,
        "prefix": "",
        "is_primary": true,
        "history_type": "N",
        "block": 0,
        "ordinal": 100,
        "time_model_role_id": 0,
        "id": 96,
        "name": "f3d51ec2-9c77-48ab-8309-11cbd2f94f50",
        "version": 637535323338940000,
        "metadata": {
          "creation_time": 637535323338940000,
          "modification_time": 637535323338940000,
          "tags": [],
          "caller_role": "NONE"
        }
      },
      "tags": [],
      "software_version": 1
    },
    {
      "id": 97,
      "path": "/",
      "name": "ee54fe18-20bf-48ec-bdf6-40b042a3cbfd",
      "type": "TableColumn",
      "creation_time": 0,
      "modification_time": 0,
      "inner_item": {
        "$type": "TableColumnDto",
        "poe": 90,
        "pbe": 91,
        "prefix": "",
        "is_primary": true,
        "history_type": "N",
        "block": 0,
        "ordinal": 100,
        "time_model_role_id": 0,
        "id": 97,
        "name": "ee54fe18-20bf-48ec-bdf6-40b042a3cbfd",
        "version": 637535323338940000,
        "metadata": {
          "creation_time": 637535323338940000,
          "modification_time": 637535323338940000,
          "tags": [],
          "caller_role": "NONE"
        }
      },
      "tags": [],
      "software_version": 1
    },
    {
      "id": 98,
      "path": "/",
      "name": "d2a363e5-468f-4665-b598-5a2a9f8c75d7",
      "type": "TableColumn",
      "creation_time": 0,
      "modification_time": 0,
      "inner_item": {
        "$type": "TableColumnDto",
        "poe": 93,
        "pbe": 94,
        "prefix": "",
        "is_primary": true,
        "history_type": "N",
        "block": 0,
        "ordinal": 100,
        "time_model_role_id": 0,
        "id": 98,
        "name": "d2a363e5-468f-4665-b598-5a2a9f8c75d7",
        "version": 637535323338940000,
        "metadata": {
          "creation_time": 637535323338940000,
          "modification_time": 637535323338940000,
          "tags": [],
          "caller_role": "NONE"
        }
      },
      "tags": [],
      "software_version": 1
    },
    {
      "id": 99,
      "path": "/",
      "name": "574e8063-49c2-4398-a9a1-058d7c6915c3",
      "type": "TableColumn",
      "creation_time": 0,
      "modification_time": 0,
      "inner_item": {
        "$type": "TableColumnDto",
        "poe": 67,
        "pbe": 69,
        "prefix": "",
        "is_primary": false,
        "history_type": "N",
        "block": 0,
        "ordinal": 200,
        "time_model_role_id": 0,
        "id": 99,
        "name": "574e8063-49c2-4398-a9a1-058d7c6915c3",
        "version": 637535323338940000,
        "metadata": {
          "creation_time": 637535323338940000,
          "modification_time": 637535323338940000,
          "tags": [],
          "caller_role": "NONE"
        }
      },
      "tags": [],
      "software_version": 1
    },
    {
      "id": 100,
      "path": "/",
      "name": "fd6e973f-386b-4747-8fd0-099519a395aa",
      "type": "TableColumn",
      "creation_time": 0,
      "modification_time": 0,
      "inner_item": {
        "$type": "TableColumnDto",
        "poe": 67,
        "pbe": 70,
        "prefix": "",
        "is_primary": false,
        "history_type": "N",
        "block": 0,
        "ordinal": 300,
        "time_model_role_id": 0,
        "id": 100,
        "name": "fd6e973f-386b-4747-8fd0-099519a395aa",
        "version": 637535323338940000,
        "metadata": {
          "creation_time": 637535323338940000,
          "modification_time": 637535323338940000,
          "tags": [],
          "caller_role": "NONE"
        }
      },
      "tags": [],
      "software_version": 1
    },
    {
      "id": 101,
      "path": "/",
      "name": "281cd60b-aa3a-450f-a34e-91e405821608",
      "type": "TableColumn",
      "creation_time": 0,
      "modification_time": 0,
      "inner_item": {
        "$type": "TableColumnDto",
        "poe": 67,
        "pbe": 71,
        "prefix": "",
        "is_primary": false,
        "history_type": "N",
        "block": 0,
        "ordinal": 400,
        "time_model_role_id": 0,
        "id": 101,
        "name": "281cd60b-aa3a-450f-a34e-91e405821608",
        "version": 637535323338940000,
        "metadata": {
          "creation_time": 637535323338940000,
          "modification_time": 637535323338940000,
          "tags": [],
          "caller_role": "NONE"
        }
      },
      "tags": [],
      "software_version": 1
    },
    {
      "id": 102,
      "path": "/",
      "name": "920e539a-eda2-4ebc-bd8a-323007baef19",
      "type": "TableColumn",
      "creation_time": 0,
      "modification_time": 0,
      "inner_item": {
        "$type": "TableColumnDto",
        "poe": 67,
        "pbe": 72,
        "prefix": "",
        "is_primary": false,
        "history_type": "N",
        "block": 0,
        "ordinal": 500,
        "time_model_role_id": 0,
        "id": 102,
        "name": "920e539a-eda2-4ebc-bd8a-323007baef19",
        "version": 637535323338940000,
        "metadata": {
          "creation_time": 637535323338940000,
          "modification_time": 637535323338940000,
          "tags": [],
          "caller_role": "NONE"
        }
      },
      "tags": [],
      "software_version": 1
    },
    {
      "id": 103,
      "path": "/",
      "name": "03ccbc38-47ff-4a63-86f2-b8792ffe7c30",
      "type": "TableColumn",
      "creation_time": 0,
      "modification_time": 0,
      "inner_item": {
        "$type": "TableColumnDto",
        "poe": 67,
        "pbe": 73,
        "prefix": "",
        "is_primary": false,
        "history_type": "N",
        "block": 0,
        "ordinal": 600,
        "time_model_role_id": 0,
        "id": 103,
        "name": "03ccbc38-47ff-4a63-86f2-b8792ffe7c30",
        "version": 637535323338940000,
        "metadata": {
          "creation_time": 637535323338940000,
          "modification_time": 637535323338940000,
          "tags": [],
          "caller_role": "NONE"
        }
      },
      "tags": [],
      "software_version": 1
    },
    {
      "id": 104,
      "path": "/",
      "name": "391f2efe-c7b2-482b-af07-dc27ea2c6e3e",
      "type": "TableColumn",
      "creation_time": 0,
      "modification_time": 0,
      "inner_item": {
        "$type": "TableColumnDto",
        "poe": 67,
        "pbe": 74,
        "prefix": "",
        "is_primary": false,
        "history_type": "N",
        "block": 0,
        "ordinal": 700,
        "time_model_role_id": 0,
        "id": 104,
        "name": "391f2efe-c7b2-482b-af07-dc27ea2c6e3e",
        "version": 637535323338940000,
        "metadata": {
          "creation_time": 637535323338940000,
          "modification_time": 637535323338940000,
          "tags": [],
          "caller_role": "NONE"
        }
      },
      "tags": [],
      "software_version": 1
    },
    {
      "id": 105,
      "path": "/",
      "name": "7abca359-e162-4b59-bf15-d3365f426aaa",
      "type": "TableColumn",
      "creation_time": 0,
      "modification_time": 0,
      "inner_item": {
        "$type": "TableColumnDto",
        "poe": 67,
        "pbe": 75,
        "prefix": "",
        "is_primary": false,
        "history_type": "N",
        "block": 0,
        "ordinal": 800,
        "time_model_role_id": 0,
        "id": 105,
        "name": "7abca359-e162-4b59-bf15-d3365f426aaa",
        "version": 637535323338940000,
        "metadata": {
          "creation_time": 637535323338940000,
          "modification_time": 637535323338940000,
          "tags": [],
          "caller_role": "NONE"
        }
      },
      "tags": [],
      "software_version": 1
    },
    {
      "id": 106,
      "path": "/",
      "name": "64b6ed39-1978-46d3-a884-922cf1f58154",
      "type": "TableColumn",
      "creation_time": 0,
      "modification_time": 0,
      "inner_item": {
        "$type": "TableColumnDto",
        "poe": 67,
        "pbe": 76,
        "prefix": "",
        "is_primary": false,
        "history_type": "N",
        "block": 0,
        "ordinal": 900,
        "time_model_role_id": 0,
        "id": 106,
        "name": "64b6ed39-1978-46d3-a884-922cf1f58154",
        "version": 637535323338940000,
        "metadata": {
          "creation_time": 637535323338940000,
          "modification_time": 637535323338940000,
          "tags": [],
          "caller_role": "NONE"
        }
      },
      "tags": [],
      "software_version": 1
    },
    {
      "id": 107,
      "path": "/",
      "name": "55ec400b-b869-41f0-8632-7a6aac484439",
      "type": "TableColumn",
      "creation_time": 0,
      "modification_time": 0,
      "inner_item": {
        "$type": "TableColumnDto",
        "poe": 67,
        "pbe": 77,
        "prefix": "",
        "is_primary": false,
        "history_type": "N",
        "block": 0,
        "ordinal": 1000,
        "time_model_role_id": 0,
        "id": 107,
        "name": "55ec400b-b869-41f0-8632-7a6aac484439",
        "version": 637535323338940000,
        "metadata": {
          "creation_time": 637535323338940000,
          "modification_time": 637535323338940000,
          "tags": [],
          "caller_role": "NONE"
        }
      },
      "tags": [],
      "software_version": 1
    },
    {
      "id": 108,
      "path": "/",
      "name": "2aaa1ce6-bcb7-417e-8934-e85e4a9cad0d",
      "type": "TableColumn",
      "creation_time": 0,
      "modification_time": 0,
      "inner_item": {
        "$type": "TableColumnDto",
        "poe": 67,
        "pbe": 78,
        "prefix": "",
        "is_primary": false,
        "history_type": "N",
        "block": 0,
        "ordinal": 1100,
        "time_model_role_id": 0,
        "id": 108,
        "name": "2aaa1ce6-bcb7-417e-8934-e85e4a9cad0d",
        "version": 637535323338940000,
        "metadata": {
          "creation_time": 637535323338940000,
          "modification_time": 637535323338940000,
          "tags": [],
          "caller_role": "NONE"
        }
      },
      "tags": [],
      "software_version": 1
    },
    {
      "id": 109,
      "path": "/",
      "name": "bcc2ba05-d03c-41b1-985f-29e106d8d4e9",
      "type": "TableColumn",
      "creation_time": 0,
      "modification_time": 0,
      "inner_item": {
        "$type": "TableColumnDto",
        "poe": 79,
        "pbe": 81,
        "prefix": "",
        "is_primary": false,
        "history_type": "N",
        "block": 0,
        "ordinal": 200,
        "time_model_role_id": 0,
        "id": 109,
        "name": "bcc2ba05-d03c-41b1-985f-29e106d8d4e9",
        "version": 637535323338940000,
        "metadata": {
          "creation_time": 637535323338940000,
          "modification_time": 637535323338940000,
          "tags": [],
          "caller_role": "NONE"
        }
      },
      "tags": [],
      "software_version": 1
    },
    {
      "id": 110,
      "path": "/",
      "name": "1a657549-fcfd-4477-8145-9080b9f74339",
      "type": "TableColumn",
      "creation_time": 0,
      "modification_time": 0,
      "inner_item": {
        "$type": "TableColumnDto",
        "poe": 79,
        "pbe": 82,
        "prefix": "",
        "is_primary": false,
        "history_type": "N",
        "block": 0,
        "ordinal": 300,
        "time_model_role_id": 0,
        "id": 110,
        "name": "1a657549-fcfd-4477-8145-9080b9f74339",
        "version": 637535323338940000,
        "metadata": {
          "creation_time": 637535323338940000,
          "modification_time": 637535323338940000,
          "tags": [],
          "caller_role": "NONE"
        }
      },
      "tags": [],
      "software_version": 1
    },
    {
      "id": 111,
      "path": "/",
      "name": "1b5b9e03-405b-40db-a709-96f6fc96c8a4",
      "type": "TableColumn",
      "creation_time": 0,
      "modification_time": 0,
      "inner_item": {
        "$type": "TableColumnDto",
        "poe": 79,
        "pbe": 83,
        "prefix": "",
        "is_primary": false,
        "history_type": "N",
        "block": 0,
        "ordinal": 400,
        "time_model_role_id": 0,
        "id": 111,
        "name": "1b5b9e03-405b-40db-a709-96f6fc96c8a4",
        "version": 637535323338940000,
        "metadata": {
          "creation_time": 637535323338940000,
          "modification_time": 637535323338940000,
          "tags": [],
          "caller_role": "NONE"
        }
      },
      "tags": [],
      "software_version": 1
    },
    {
      "id": 112,
      "path": "/",
      "name": "a3e98320-9dd9-4b1a-8dd5-4f646c2d5565",
      "type": "TableColumn",
      "creation_time": 0,
      "modification_time": 0,
      "inner_item": {
        "$type": "TableColumnDto",
        "poe": 79,
        "pbe": 84,
        "prefix": "",
        "is_primary": false,
        "history_type": "N",
        "block": 0,
        "ordinal": 500,
        "time_model_role_id": 0,
        "id": 112,
        "name": "a3e98320-9dd9-4b1a-8dd5-4f646c2d5565",
        "version": 637535323338940000,
        "metadata": {
          "creation_time": 637535323338940000,
          "modification_time": 637535323338940000,
          "tags": [],
          "caller_role": "NONE"
        }
      },
      "tags": [],
      "software_version": 1
    },
    {
      "id": 113,
      "path": "/",
      "name": "611eb5e5-3db3-4c26-a854-b4fa48ea15c1",
      "type": "TableColumn",
      "creation_time": 0,
      "modification_time": 0,
      "inner_item": {
        "$type": "TableColumnDto",
        "poe": 79,
        "pbe": 85,
        "prefix": "",
        "is_primary": false,
        "history_type": "N",
        "block": 0,
        "ordinal": 600,
        "time_model_role_id": 0,
        "id": 113,
        "name": "611eb5e5-3db3-4c26-a854-b4fa48ea15c1",
        "version": 637535323338940000,
        "metadata": {
          "creation_time": 637535323338940000,
          "modification_time": 637535323338940000,
          "tags": [],
          "caller_role": "NONE"
        }
      },
      "tags": [],
      "software_version": 1
    },
    {
      "id": 114,
      "path": "/",
      "name": "ad19f4b9-a950-411a-a5e2-d85ec9e698ed",
      "type": "TableColumn",
      "creation_time": 0,
      "modification_time": 0,
      "inner_item": {
        "$type": "TableColumnDto",
        "poe": 79,
        "pbe": 86,
        "prefix": "",
        "is_primary": false,
        "history_type": "N",
        "block": 0,
        "ordinal": 700,
        "time_model_role_id": 0,
        "id": 114,
        "name": "ad19f4b9-a950-411a-a5e2-d85ec9e698ed",
        "version": 637535323338940000,
        "metadata": {
          "creation_time": 637535323338940000,
          "modification_time": 637535323338940000,
          "tags": [],
          "caller_role": "NONE"
        }
      },
      "tags": [],
      "software_version": 1
    },
    {
      "id": 115,
      "path": "/",
      "name": "460b309c-7249-4c03-9a06-7d423f22583b",
      "type": "TableColumn",
      "creation_time": 0,
      "modification_time": 0,
      "inner_item": {
        "$type": "TableColumnDto",
        "poe": 79,
        "pbe": 87,
        "prefix": "",
        "is_primary": false,
        "history_type": "N",
        "block": 0,
        "ordinal": 800,
        "time_model_role_id": 0,
        "id": 115,
        "name": "460b309c-7249-4c03-9a06-7d423f22583b",
        "version": 637535323338940000,
        "metadata": {
          "creation_time": 637535323338940000,
          "modification_time": 637535323338940000,
          "tags": [],
          "caller_role": "NONE"
        }
      },
      "tags": [],
      "software_version": 1
    },
    {
      "id": 116,
      "path": "/",
      "name": "c389c581-72b5-4422-a16e-2d0e48ec4e4a",
      "type": "TableColumn",
      "creation_time": 0,
      "modification_time": 0,
      "inner_item": {
        "$type": "TableColumnDto",
        "poe": 79,
        "pbe": 88,
        "prefix": "",
        "is_primary": false,
        "history_type": "N",
        "block": 0,
        "ordinal": 900,
        "time_model_role_id": 0,
        "id": 116,
        "name": "c389c581-72b5-4422-a16e-2d0e48ec4e4a",
        "version": 637535323338940000,
        "metadata": {
          "creation_time": 637535323338940000,
          "modification_time": 637535323338940000,
          "tags": [],
          "caller_role": "NONE"
        }
      },
      "tags": [],
      "software_version": 1
    },
    {
      "id": 117,
      "path": "/",
      "name": "088b7579-44a2-4cb0-befc-54ce9e0f3154",
      "type": "TableColumn",
      "creation_time": 0,
      "modification_time": 0,
      "inner_item": {
        "$type": "TableColumnDto",
        "poe": 79,
        "pbe": 89,
        "prefix": "",
        "is_primary": false,
        "history_type": "N",
        "block": 0,
        "ordinal": 1000,
        "time_model_role_id": 0,
        "id": 117,
        "name": "088b7579-44a2-4cb0-befc-54ce9e0f3154",
        "version": 637535323338940000,
        "metadata": {
          "creation_time": 637535323338940000,
          "modification_time": 637535323338940000,
          "tags": [],
          "caller_role": "NONE"
        }
      },
      "tags": [],
      "software_version": 1
    },
    {
      "id": 118,
      "path": "/",
      "name": "fb0b65a8-89e2-4525-a297-44429bd644cf",
      "type": "TableColumn",
      "creation_time": 0,
      "modification_time": 0,
      "inner_item": {
        "$type": "TableColumnDto",
        "poe": 90,
        "pbe": 92,
        "prefix": "",
        "is_primary": false,
        "history_type": "N",
        "block": 0,
        "ordinal": 200,
        "time_model_role_id": 0,
        "id": 118,
        "name": "fb0b65a8-89e2-4525-a297-44429bd644cf",
        "version": 637535323338940000,
        "metadata": {
          "creation_time": 637535323338940000,
          "modification_time": 637535323338940000,
          "tags": [],
          "caller_role": "NONE"
        }
      },
      "tags": [],
      "software_version": 1
    },
    {
      "id": 119,
      "path": "/",
      "name": "07fa6f34-477f-4425-b244-1fa0c0fbea05",
      "type": "TableColumn",
      "creation_time": 0,
      "modification_time": 0,
      "inner_item": {
        "$type": "TableColumnDto",
        "poe": 93,
        "pbe": 69,
        "prefix": "",
        "is_primary": false,
        "history_type": "N",
        "block": 0,
        "ordinal": 200,
        "time_model_role_id": 0,
        "id": 119,
        "name": "07fa6f34-477f-4425-b244-1fa0c0fbea05",
        "version": 637535323338940000,
        "metadata": {
          "creation_time": 637535323338940000,
          "modification_time": 637535323338940000,
          "tags": [],
          "caller_role": "NONE"
        }
      },
      "tags": [],
      "software_version": 1
    },
    {
      "id": 120,
      "path": "/",
      "name": "a55ea548-fc48-428b-b975-08e5efbca9d0",
      "type": "TableColumn",
      "creation_time": 0,
      "modification_time": 0,
      "inner_item": {
        "$type": "TableColumnDto",
        "poe": 93,
        "pbe": 77,
        "prefix": "",
        "is_primary": false,
        "history_type": "N",
        "block": 0,
        "ordinal": 300,
        "time_model_role_id": 0,
        "id": 120,
        "name": "a55ea548-fc48-428b-b975-08e5efbca9d0",
        "version": 637535323338940000,
        "metadata": {
          "creation_time": 637535323338940000,
          "modification_time": 637535323338940000,
          "tags": [],
          "caller_role": "NONE"
        }
      },
      "tags": [],
      "software_version": 1
    },
    {
      "id": 123,
      "path": "/",
      "name": "Map_customers_Landing",
      "type": "Mapping",
      "creation_time": 0,
      "modification_time": 0,
      "inner_item": {
        "$type": "MappingDto",
        "entity_id": 67,
        "is_active_mapping_pi": false,
        "schema": "borxu_landing_source",
        "database_id": 5,
        "table_name": "customers",
        "mapping_type": "TABLE",
        "is_aggregated": false,
        "mapping_fields": [
          {
            "mapping_type": "DIRECT",
            "source_col_name": "CustomerID",
            "staging_col_name_int": "COLID_95_68"
          },
          {
            "mapping_type": "DIRECT",
            "source_col_name": "CompanyName",
            "staging_col_name_int": "COLID_99_69"
          },
          {
            "mapping_type": "DIRECT",
            "source_col_name": "ContactName",
            "staging_col_name_int": "COLID_100_70"
          },
          {
            "mapping_type": "DIRECT",
            "source_col_name": "ContactTitle",
            "staging_col_name_int": "COLID_101_71"
          },
          {
            "mapping_type": "DIRECT",
            "source_col_name": "Address",
            "staging_col_name_int": "COLID_102_72"
          },
          {
            "mapping_type": "DIRECT",
            "source_col_name": "City",
            "staging_col_name_int": "COLID_103_73"
          },
          {
            "mapping_type": "DIRECT",
            "source_col_name": "Region",
            "staging_col_name_int": "COLID_104_74"
          },
          {
            "mapping_type": "DIRECT",
            "source_col_name": "PostalCode",
            "staging_col_name_int": "COLID_105_75"
          },
          {
            "mapping_type": "DIRECT",
            "source_col_name": "Country",
            "staging_col_name_int": "COLID_106_76"
          },
          {
            "mapping_type": "DIRECT",
            "source_col_name": "Phone",
            "staging_col_name_int": "COLID_107_77"
          },
          {
            "mapping_type": "DIRECT",
            "source_col_name": "Fax",
            "staging_col_name_int": "COLID_108_78"
          }
        ],
        "data_quality_rules": [
          {
            "action": "REJECT_AND_REPORT",
            "type": "EXPRESSION",
            "name": "Business Keys cannot be NULL",
            "enabled": false,
            "order": 0,
            "is_internal": true
          }
        ],
        "cleansing_rules": [],
        "null_behaviour": "USE_ETL_SETTING",
        "refresh_realtime_view": false,
        "id": 123,
        "name": "Map_customers_Landing",
        "version": 637535323340030000,
        "metadata": {
          "creation_time": 637535323339720000,
          "modification_time": 637535323340030000,
          "tags": [],
          "caller_role": "NONE"
        }
      },
      "tags": [],
      "software_version": 2
    },
    {
      "id": 124,
      "path": "/",
      "name": "Map_products_Landing",
      "type": "Mapping",
      "creation_time": 0,
      "modification_time": 0,
      "inner_item": {
        "$type": "MappingDto",
        "entity_id": 79,
        "is_active_mapping_pi": false,
        "schema": "borxu_landing_source",
        "database_id": 5,
        "table_name": "products",
        "mapping_type": "TABLE",
        "is_aggregated": false,
        "mapping_fields": [
          {
            "mapping_type": "DIRECT",
            "source_col_name": "ProductID",
            "staging_col_name_int": "COLID_96_80"
          },
          {
            "mapping_type": "DIRECT",
            "source_col_name": "ProductName",
            "staging_col_name_int": "COLID_109_81"
          },
          {
            "mapping_type": "DIRECT",
            "source_col_name": "SupplierID",
            "staging_col_name_int": "COLID_110_82"
          },
          {
            "mapping_type": "DIRECT",
            "source_col_name": "CategoryID",
            "staging_col_name_int": "COLID_111_83"
          },
          {
            "mapping_type": "DIRECT",
            "source_col_name": "QuantityPerUnit",
            "staging_col_name_int": "COLID_112_84"
          },
          {
            "mapping_type": "DIRECT",
            "source_col_name": "UnitPrice",
            "staging_col_name_int": "COLID_113_85"
          },
          {
            "mapping_type": "DIRECT",
            "source_col_name": "UnitsInStock",
            "staging_col_name_int": "COLID_114_86"
          },
          {
            "mapping_type": "DIRECT",
            "source_col_name": "UnitsOnOrder",
            "staging_col_name_int": "COLID_115_87"
          },
          {
            "mapping_type": "DIRECT",
            "source_col_name": "ReorderLevel",
            "staging_col_name_int": "COLID_116_88"
          },
          {
            "mapping_type": "DIRECT",
            "source_col_name": "Discontinued",
            "staging_col_name_int": "COLID_117_89"
          }
        ],
        "data_quality_rules": [
          {
            "action": "REJECT_AND_REPORT",
            "type": "EXPRESSION",
            "name": "Business Keys cannot be NULL",
            "enabled": false,
            "order": 0,
            "is_internal": true
          }
        ],
        "cleansing_rules": [],
        "null_behaviour": "USE_ETL_SETTING",
        "refresh_realtime_view": false,
        "id": 124,
        "name": "Map_products_Landing",
        "version": 637535323340350000,
        "metadata": {
          "creation_time": 637535323340340000,
          "modification_time": 637535323340350000,
          "tags": [],
          "caller_role": "NONE"
        }
      },
      "tags": [],
      "software_version": 2
    },
    {
      "id": 125,
      "path": "/",
      "name": "Map_region_Landing",
      "type": "Mapping",
      "creation_time": 0,
      "modification_time": 0,
      "inner_item": {
        "$type": "MappingDto",
        "entity_id": 90,
        "is_active_mapping_pi": false,
        "schema": "borxu_landing_source",
        "database_id": 5,
        "table_name": "region",
        "mapping_type": "TABLE",
        "is_aggregated": false,
        "mapping_fields": [
          {
            "mapping_type": "DIRECT",
            "source_col_name": "RegionID",
            "staging_col_name_int": "COLID_97_91"
          },
          {
            "mapping_type": "DIRECT",
            "source_col_name": "RegionDescription",
            "staging_col_name_int": "COLID_118_92"
          }
        ],
        "data_quality_rules": [
          {
            "action": "REJECT_AND_REPORT",
            "type": "EXPRESSION",
            "name": "Business Keys cannot be NULL",
            "enabled": false,
            "order": 0,
            "is_internal": true
          }
        ],
        "cleansing_rules": [],
        "null_behaviour": "USE_ETL_SETTING",
        "refresh_realtime_view": false,
        "id": 125,
        "name": "Map_region_Landing",
        "version": 637535323340350000,
        "metadata": {
          "creation_time": 637535323340340000,
          "modification_time": 637535323340350000,
          "tags": [],
          "caller_role": "NONE"
        }
      },
      "tags": [],
      "software_version": 2
    },
    {
      "id": 126,
      "path": "/",
      "name": "Map_shippers_Landing",
      "type": "Mapping",
      "creation_time": 0,
      "modification_time": 0,
      "inner_item": {
        "$type": "MappingDto",
        "entity_id": 93,
        "is_active_mapping_pi": false,
        "schema": "borxu_landing_source",
        "database_id": 5,
        "table_name": "shippers",
        "mapping_type": "TABLE",
        "is_aggregated": false,
        "mapping_fields": [
          {
            "mapping_type": "DIRECT",
            "source_col_name": "ShipperID",
            "staging_col_name_int": "COLID_98_94"
          },
          {
            "mapping_type": "DIRECT",
            "source_col_name": "CompanyName",
            "staging_col_name_int": "COLID_119_69"
          },
          {
            "mapping_type": "DIRECT",
            "source_col_name": "Phone",
            "staging_col_name_int": "COLID_120_77"
          }
        ],
        "data_quality_rules": [
          {
            "action": "REJECT_AND_REPORT",
            "type": "EXPRESSION",
            "name": "Business Keys cannot be NULL",
            "enabled": false,
            "order": 0,
            "is_internal": true
          }
        ],
        "cleansing_rules": [],
        "null_behaviour": "USE_ETL_SETTING",
        "refresh_realtime_view": false,
        "id": 126,
        "name": "Map_shippers_Landing",
        "version": 637535323340510000,
        "metadata": {
          "creation_time": 637535323340500000,
          "modification_time": 637535323340510000,
          "tags": [],
          "caller_role": "NONE"
        }
      },
      "tags": [],
      "software_version": 2
    },
    {
      "id": 121,
      "path": "/",
      "name": "Landing",
      "type": "ETLInfo",
      "creation_time": 0,
      "modification_time": 0,
      "inner_item": {
        "$type": "ETLInfoDto",
        "data": {
          "seqr_processing": false,
          "FULLREBUILD": false,
          "SELOFRUNS": 0,
          "EMPTYRUNNRSTABLE": true,
          "INSERTRUNNRSTABLE": true,
          "MAXCDC_COLUMNS": 10,
          "SPLITRELSANDATTS": false,
          "STOPAFTERSTAGING": false,
          "PARAM_RUNNR": "1",
          "dm_cohorts": [],
          "engine_settings": {
            "thread_connection_settings": {
              "thread_pool_size": 10,
              "thread_pool_max": 18,
              "thread_queue_max": 10000,
              "thread_timeout": 3000
            },
            "database_connection_settings": {
              "db_pool_size": 200,
              "db_reap_interval": 30000,
              "db_lease_timeout": 60000,
              "print_db_leases": false
            },
            "engine_logging_settings": {
              "log_level": "INFO",
              "log_file": "$project-path$\\$task-name$\\$task-name$_Log.log",
              "log_file_timestamp": true,
              "log_console": true,
              "log_stack_trace": false,
              "log_jdbc_driver_output": false,
              "log_mapping_fields": false,
              "log_mapping_values": false,
              "log_sync_provider_output": false,
              "log_prep_statmt_bindings": false,
              "log_dbms_leasing": false,
              "log_table_contents": false,
              "log_sql_monitor_output": false,
              "log_param_substitution": false,
              "log_mop_ids": false,
              "log_java_env": false,
              "log_mopping_state": false,
              "log_table_cache_rows": 20,
              "print_final_log": false,
              "print_dbms_info": false,
              "create_missing_tables": false
            },
            "mopping_thread_settings": {
              "mop_direct_write": false,
              "mop_thread_pool_size": 18,
              "mop_thread_pool_max": 18,
              "mop_thread_queue_max": 2500,
              "mop_thread_timeout": 3000,
              "mop_write_queue_max": 100,
              "mop_no_id_ledelins": true,
              "mop_without_write": false
            },
            "general_settings": {
              "java_mem": "-Xms1024M -Xmx4096M",
              "stt_date": "NOW",
              "up_ddate": "NOW",
              "tgt_os": "MSWL",
              "tgt_sh": "cmd",
              "validate_data_types": false,
              "validate_only": false,
              "fetch_size": 1000,
              "batch_max_rows": 20,
              "nr_of_committed_rows": 10000,
              "parameter_worm": true,
              "instruction_delay": false,
              "memory_reaper": false,
              "ORACLE_DATADIRECT": false,
              "ORACLE_TNSNAMES": "",
              "SQLSERVER_DATADIRECT": false,
              "SQLSERVER_DRIVER_1_1": true,
              "JTDS": false,
              "DB2_DATADIRECT": false,
              "encrypted_password": true,
              "change_processing_by_query": false
            },
            "advanced_settings": {
              "retain_stg_tables": false,
              "retain_imt_tables": false,
              "imt_tables_volatile": false,
              "write_etl_cmnds_to_db": false
            },
            "spark_settings": {
              "properties": {}
            }
          },
          "Using_Max_partitions_for_CDC": false,
          "Max_partitions_for_CDC": 0,
          "workflow_position": 1,
          "dwh_full_load": false,
          "dm_enable_table_logging": false,
          "allow_updating_to_null": true,
          "do_not_create_indexes": false,
          "CDC__delay": 0
        },
        "active_mappings": [
          123,
          124,
          125,
          126
        ],
        "entity_action": [],
        "etl_type": "DataWarehouse",
        "active_custom_etls": [],
        "task_Stage": "DataWarehouse",
        "id": 121,
        "name": "Landing",
        "version": 637535325386490000,
        "metadata": {
          "creation_time": 637535323339250000,
          "modification_time": 637535325386490000,
          "tags": [],
          "caller_role": "NONE"
        }
      },
      "tags": [],
      "software_version": 1
    },
    {
      "id": 122,
      "path": "/",
      "name": "Landing_CDC",
      "type": "ETLInfo",
      "creation_time": 0,
      "modification_time": 0,
      "inner_item": {
        "$type": "ETLInfoDto",
        "data": {
          "seqr_processing": false,
          "FULLREBUILD": false,
          "SELOFRUNS": 0,
          "EMPTYRUNNRSTABLE": true,
          "INSERTRUNNRSTABLE": true,
          "MAXCDC_COLUMNS": 10,
          "SPLITRELSANDATTS": false,
          "STOPAFTERSTAGING": false,
          "PARAM_RUNNR": "1",
          "dm_cohorts": [],
          "engine_settings": {
            "thread_connection_settings": {
              "thread_pool_size": 10,
              "thread_pool_max": 18,
              "thread_queue_max": 10000,
              "thread_timeout": 3000
            },
            "database_connection_settings": {
              "db_pool_size": 200,
              "db_reap_interval": 30000,
              "db_lease_timeout": 60000,
              "print_db_leases": false
            },
            "engine_logging_settings": {
              "log_level": "INFO",
              "log_file": "$project-path$\\$task-name$\\$task-name$_Log.log",
              "log_file_timestamp": true,
              "log_console": true,
              "log_stack_trace": false,
              "log_jdbc_driver_output": false,
              "log_mapping_fields": false,
              "log_mapping_values": false,
              "log_sync_provider_output": false,
              "log_prep_statmt_bindings": false,
              "log_dbms_leasing": false,
              "log_table_contents": false,
              "log_sql_monitor_output": false,
              "log_param_substitution": false,
              "log_mop_ids": false,
              "log_java_env": false,
              "log_mopping_state": false,
              "log_table_cache_rows": 20,
              "print_final_log": false,
              "print_dbms_info": false,
              "create_missing_tables": false
            },
            "mopping_thread_settings": {
              "mop_direct_write": false,
              "mop_thread_pool_size": 18,
              "mop_thread_pool_max": 18,
              "mop_thread_queue_max": 2500,
              "mop_thread_timeout": 3000,
              "mop_write_queue_max": 100,
              "mop_no_id_ledelins": true,
              "mop_without_write": false
            },
            "general_settings": {
              "java_mem": "-Xms1024M -Xmx4096M",
              "stt_date": "NOW",
              "up_ddate": "NOW",
              "tgt_os": "MSWL",
              "tgt_sh": "cmd",
              "validate_data_types": false,
              "validate_only": false,
              "fetch_size": 1000,
              "batch_max_rows": 20,
              "nr_of_committed_rows": 10000,
              "parameter_worm": true,
              "instruction_delay": false,
              "memory_reaper": false,
              "ORACLE_DATADIRECT": false,
              "ORACLE_TNSNAMES": "",
              "SQLSERVER_DATADIRECT": false,
              "SQLSERVER_DRIVER_1_1": true,
              "JTDS": false,
              "DB2_DATADIRECT": false,
              "encrypted_password": true,
              "change_processing_by_query": false
            },
            "advanced_settings": {
              "retain_stg_tables": false,
              "retain_imt_tables": false,
              "imt_tables_volatile": false,
              "write_etl_cmnds_to_db": false
            },
            "spark_settings": {
              "properties": {}
            }
          },
          "Using_Max_partitions_for_CDC": false,
          "Max_partitions_for_CDC": 0,
          "workflow_position": 1,
          "dwh_full_load": false,
          "dm_enable_table_logging": false,
          "allow_updating_to_null": true,
          "do_not_create_indexes": false,
          "CDC__delay": 0
        },
        "active_mappings": [
          123,
          124,
          125,
          126
        ],
        "entity_action": [
          {
            "handle_duplicates": true,
            "ext_load": false,
            "entity_id": 67
          },
          {
            "handle_duplicates": true,
            "ext_load": false,
            "entity_id": 79
          },
          {
            "handle_duplicates": true,
            "ext_load": false,
            "entity_id": 90
          },
          {
            "handle_duplicates": true,
            "ext_load": false,
            "entity_id": 93
          }
        ],
        "etl_type": "DataWarehouse_CDC",
        "active_custom_etls": [],
        "task_Stage": "DataWarehouse",
        "id": 122,
        "name": "Landing_CDC",
        "version": 637535329234570000,
        "metadata": {
          "creation_time": 637535323339560000,
          "modification_time": 637535329234570000,
          "tags": [],
          "caller_role": "NONE"
        }
      },
      "tags": [],
      "software_version": 1
    }
  ]
}