{
  "product_name": "Compose",
  "product_version": "2021.2.0.226",
  "created_on": "04/08/2021 13:28:08",
  "objects": [
    {
      "id": 6,
      "path": "/",
      "name": "customers",
      "type": "Entity",
      "creation_time": 0,
      "modification_time": 0,
      "inner_item": {
        "$type": "EntityDto",
        "time_model_entity_id": 0,
        "is_reference_entity": false,
        "save_history": true,
        "use_backdating": false,
        "use_precurse_rows": false,
        "id": 6,
        "name": "customers",
        "version": 637534615622890000,
        "metadata": {
          "creation_time": 637534615622890000,
          "modification_time": 637534615622890000,
          "tags": [],
          "caller_role": "NONE"
        }
      },
      "tags": [],
      "software_version": 1
    },
    {
      "id": 18,
      "path": "/",
      "name": "products",
      "type": "Entity",
      "creation_time": 0,
      "modification_time": 0,
      "inner_item": {
        "$type": "EntityDto",
        "time_model_entity_id": 0,
        "is_reference_entity": false,
        "save_history": true,
        "use_backdating": false,
        "use_precurse_rows": false,
        "id": 18,
        "name": "products",
        "version": 637534615629300000,
        "metadata": {
          "creation_time": 637534615629300000,
          "modification_time": 637534615629300000,
          "tags": [],
          "caller_role": "NONE"
        }
      },
      "tags": [],
      "software_version": 1
    },
    {
      "id": 29,
      "path": "/",
      "name": "region",
      "type": "Entity",
      "creation_time": 0,
      "modification_time": 0,
      "inner_item": {
        "$type": "EntityDto",
        "time_model_entity_id": 0,
        "is_reference_entity": false,
        "save_history": true,
        "use_backdating": false,
        "use_precurse_rows": false,
        "id": 29,
        "name": "region",
        "version": 637534615633050000,
        "metadata": {
          "creation_time": 637534615633050000,
          "modification_time": 637534615633050000,
          "tags": [],
          "caller_role": "NONE"
        }
      },
      "tags": [],
      "software_version": 1
    },
    {
      "id": 32,
      "path": "/",
      "name": "shippers",
      "type": "Entity",
      "creation_time": 0,
      "modification_time": 0,
      "inner_item": {
        "$type": "EntityDto",
        "time_model_entity_id": 0,
        "is_reference_entity": false,
        "save_history": true,
        "use_backdating": false,
        "use_precurse_rows": false,
        "id": 32,
        "name": "shippers",
        "version": 637534615636490000,
        "metadata": {
          "creation_time": 637534615636490000,
          "modification_time": 637534615636490000,
          "tags": [],
          "caller_role": "NONE"
        }
      },
      "tags": [],
      "software_version": 1
    },
    {
      "id": 3,
      "path": "/",
      "name": "Data Lake",
      "type": "Database",
      "creation_time": 0,
      "modification_time": 0,
      "inner_item": {
        "$type": "DatabaseDto",
        "usage": "DATA_WAREHOUSE",
        "dbms": "Databricks Delta",
        "server_name": "adb-2884993767397794.14.azuredatabricks.net",
        "database_name": "",
        "user_name": "token",
        "password": "",
        "included_schemas": "borxu_storage",
        "templateDatabaseType": "DATABRICKSDELTA",
        "original_sourcedb_id": 0,
        "has_source_definition": false,
        "landing_zone": {
          "landing_type": "DATABASE",
          "replicate_task_type": "FULL_LOAD_AND_CDC",
          "associate_with_replicate_task": false,
          "archive_settings": {
            "ct_post_processing": "DO_NOTHING"
          }
        },
        "port": 443,
        "jdbc_connection_string": "UseNativeQuery=1;spark.sql.crossJoin.enabled=true;",
        "db_settings": {
          "$type": "DatabricksDbSettings",
          "authentication_type": "DATABRICKS_DELTA",
          "authentication_settings": {
            "$type": "DatabricksConfiguration",
            "gateway_path": "sql/protocolv1/o/2884993767397794/0406-135546-decay46"
          },
          "ssl_configuration": {
            "use_ssl": false,
            "allow_self_signed_certs": false
          },
          "is_glue_metadata": false
        },
        "multibyte_character_multiplier": 1,
        "apply_ddl_changes": false,
        "max_table_cols_single_read": 100,
        "use_long_object_names": false,
        "use_zoo_keeper": false,
        "zoo_keeper_namespace": "hiveserver2",
        "cache_only_the_discovered_tables": true,
        "full_connection_string": {
          "enabled": false
        },
        "id": 3,
        "name": "Data Lake",
        "version": 637534614717880000,
        "metadata": {
          "creation_time": 637534614717880000,
          "modification_time": 637534614717880000,
          "tags": [],
          "caller_role": "NONE"
        }
      },
      "tags": [],
      "software_version": 5
    },
    {
      "id": 4,
      "path": "/",
      "name": "Landing",
      "type": "Database",
      "creation_time": 0,
      "modification_time": 0,
      "inner_item": {
        "$type": "DatabaseDto",
        "usage": "SOURCE",
        "dbms": "Databricks Delta",
        "server_name": "adb-2884993767397794.14.azuredatabricks.net",
        "database_name": "",
        "user_name": "token",
        "included_schemas": "*",
        "templateDatabaseType": "DATABRICKSDELTA",
        "original_sourcedb_id": 0,
        "has_source_definition": false,
        "landing_zone": {
          "landing_type": "DATABASE",
          "schema_name": "borxu_landing_source",
          "replicate_task_type": "FULL_LOAD_AND_CDC",
          "replicate_task_name": "Northwind to Azure Databricks",
          "associate_with_replicate_task": true,
          "archive_settings": {
            "ct_post_processing": "DELETE"
          },
          "task_uuid": "37e0c307-0996-b44d-bd7d-00cc125d9c8a"
        },
        "port": 443,
        "jdbc_connection_string": "UseNativeQuery=1;spark.sql.crossJoin.enabled=true;",
        "db_settings": {
          "$type": "DatabricksDbSettings",
          "authentication_type": "DATABRICKS_DELTA",
          "authentication_settings": {
            "$type": "DatabricksConfiguration"
          },
          "ssl_configuration": {
            "use_ssl": false,
            "allow_self_signed_certs": false
          },
          "is_glue_metadata": false
        },
        "multibyte_character_multiplier": 1,
        "apply_ddl_changes": false,
        "max_table_cols_single_read": 100,
        "use_long_object_names": false,
        "use_zoo_keeper": false,
        "zoo_keeper_namespace": "hiveserver2",
        "cache_only_the_discovered_tables": true,
        "full_connection_string": {
          "enabled": false
        },
        "id": 4,
        "name": "Landing",
        "version": 637534615019140000,
        "metadata": {
          "creation_time": 637534615019140000,
          "modification_time": 637534615019140000,
          "tags": [],
          "caller_role": "NONE"
        }
      },
      "tags": [],
      "software_version": 5
    },
    {
      "id": 5,
      "path": "/",
      "name": "Landing_Landing",
      "type": "Database",
      "creation_time": 0,
      "modification_time": 0,
      "inner_item": {
        "$type": "DatabaseDto",
        "usage": "SOURCE",
        "dbms": "Databricks Delta",
        "server_name": "adb-2884993767397794.14.azuredatabricks.net",
        "user_name": "token",
        "password": "",
        "included_schemas": "borxu_landing_source",
        "templateDatabaseType": "SQLSERVER",
        "original_sourcedb_id": 4,
        "has_source_definition": true,
        "port": 443,
        "jdbc_connection_string": "UseNativeQuery=1;spark.sql.crossJoin.enabled=true;",
        "db_settings": {
          "$type": "DatabricksDbSettings",
          "authentication_type": "DATABRICKS_DELTA",
          "authentication_settings": {
            "$type": "DatabricksConfiguration",
            "gateway_path": "sql/protocolv1/o/2884993767397794/0406-135546-decay46"
          },
          "ssl_configuration": {
            "use_ssl": false,
            "allow_self_signed_certs": false
          },
          "is_glue_metadata": false
        },
        "multibyte_character_multiplier": 1,
        "apply_ddl_changes": false,
        "max_table_cols_single_read": 100,
        "original_sourcedb_name": "Landing",
        "use_long_object_names": false,
        "use_zoo_keeper": false,
        "zoo_keeper_namespace": "hiveserver2",
        "cache_only_the_discovered_tables": true,
        "full_connection_string": {
          "enabled": false
        },
        "id": 5,
        "name": "Landing_Landing",
        "version": 637534615019920000,
        "metadata": {
          "creation_time": 637534615019920000,
          "modification_time": 637534615019920000,
          "tags": [],
          "caller_role": "NONE"
        }
      },
      "tags": [],
      "software_version": 5
    },
    {
      "id": 66,
      "path": "/",
      "name": "VersionControl",
      "type": "VersionControl",
      "creation_time": 0,
      "modification_time": 0,
      "inner_item": {
        "$type": "VersionControlDto",
        "type": "Git",
        "use_remote_server": true,
        "remote_url": "https://github.com/EndlessAx/AzureDataLakeCompose.git",
        "user_name": "borisxu523@gmail.com",
        "password": "",
        "name": "VersionControl",
        "version": 637534852774000000,
        "metadata": {
          "creation_time": 637534851350450000,
          "modification_time": 637534852774000000,
          "tags": [],
          "caller_role": "NONE"
        }
      },
      "tags": [],
      "software_version": 1
    },
    {
      "id": 1,
      "path": "/",
      "name": "settings",
      "type": "ACProjectSettings",
      "creation_time": 0,
      "modification_time": 0,
      "inner_item": {
        "$type": "ACProjectSettings",
        "from_date_col_name": "FD",
        "to_date_col_name": "TD",
        "lowest_date": "1780-01-01",
        "highest_date": "9999-12-31",
        "map_name_prefix": "Map",
        "stop_after_staging": false,
        "use_datetime2": false,
        "dwh_key_name": "ID",
        "naming_conv": {
          "dwh_prefix": "",
          "hub_suffix": "_HUB",
          "sat_suffix": "_S",
          "lnk_suffix": "_L",
          "dma_prefix": "TDMA_",
          "dwh_view_prefix": "",
          "replicate_change_table_suffix": "__ct",
          "error_mart_suffix": "__ex",
          "dma_view_prefix": "VDMA_",
          "ct_archive_suffix": "__ar",
          "control_table_prefix": "qlik_cmps_",
          "column_prefix": "header__",
          "from_date_suffix": "from_date",
          "to_date_suffix": "to_date",
          "soft_delete_suffix": "deleted",
          "created_batch_suffix": "created_batch",
          "modified_batch_suffix": "modified_batch",
          "dropped_column_suffix": "__dropped",
          "provisioning_table_prefix": "",
          "store_suffix": "store",
          "change_oper_suffix": "change_oper",
          "timestamp_suffix": "timestamp",
          "app_timestamp_suffix": "app_timestamp",
          "archive_timestamp_suffix": "archive_timestamp",
          "dl_naming_conventions": {
            "views_database_suffix": "_v",
            "internal_views_database_suffix": "_v_internal",
            "ods_view_suffix": "",
            "ods_live_view_suffix": "_live",
            "hds_view_suffix": "_history",
            "hds_live_view_suffix": "_live_history"
          }
        },
        "create_ddl_scripts_only": false,
        "ignore_data_type_check": false,
        "write_tdwm_to_db": false,
        "hide_default_workflows": false,
        "environment": {
          "environment_type": "OTHER"
        },
        "support_backdating": false,
        "use_precurse_rows": false,
        "project_type": "DL",
        "dwh_type": "MSACCESS",
        "datalakes_project_settings": {
          "public_views_info": {
            "include_store_type": true,
            "include_store_op": true,
            "include_soft_delete": true,
            "include_created_batch": true,
            "include_modified_batch": true,
            "include_timestamp": true,
            "include_app_timestamp": true,
            "include_from_date": true,
            "include_to_date": true,
            "include_archive_timestamp": true
          },
          "merge_load_into_table": true,
          "can_drop_views_db": false,
          "truncate_tables_on_full_load": true,
          "db_location": "",
          "datalake_deployment_type": "Azure",
          "datalake_storage_type": "DATABRICKSDELTA",
          "datalake_compute_type": "DATABRICKS",
          "use_buckets": true,
          "number_of_buckets": 10,
          "default_save_history": true
        },
        "delete_type": "SOFTDELETE",
        "skip_lookup_check_on_generate": false,
        "use_utc": true,
        "name": "settings",
        "version": 637534611727950000,
        "metadata": {
          "creation_time": 637534611721390000,
          "modification_time": 637534611727950000,
          "tags": [],
          "caller_role": "NONE"
        }
      },
      "tags": [],
      "software_version": 2
    },
    {
      "id": 7,
      "path": "/",
      "name": "CustomerID",
      "type": "DomainAttribute",
      "creation_time": 0,
      "modification_time": 0,
      "inner_item": {
        "$type": "DomainAttributeDto",
        "type": "String",
        "length": 0,
        "scale": 0,
        "time_model_entity_id": 0,
        "is_reference_entity": false,
        "save_history": true,
        "use_backdating": false,
        "use_precurse_rows": false,
        "id": 7,
        "name": "CustomerID",
        "version": 637534615623050000,
        "metadata": {
          "creation_time": 637534615623050000,
          "modification_time": 637534615623050000,
          "tags": [],
          "caller_role": "NONE"
        }
      },
      "tags": [],
      "software_version": 2
    },
    {
      "id": 8,
      "path": "/",
      "name": "CompanyName",
      "type": "DomainAttribute",
      "creation_time": 0,
      "modification_time": 0,
      "inner_item": {
        "$type": "DomainAttributeDto",
        "type": "String",
        "length": 0,
        "scale": 0,
        "time_model_entity_id": 0,
        "is_reference_entity": false,
        "save_history": true,
        "use_backdating": false,
        "use_precurse_rows": false,
        "id": 8,
        "name": "CompanyName",
        "version": 637534615623050000,
        "metadata": {
          "creation_time": 637534615623050000,
          "modification_time": 637534615623050000,
          "tags": [],
          "caller_role": "NONE"
        }
      },
      "tags": [],
      "software_version": 2
    },
    {
      "id": 9,
      "path": "/",
      "name": "ContactName",
      "type": "DomainAttribute",
      "creation_time": 0,
      "modification_time": 0,
      "inner_item": {
        "$type": "DomainAttributeDto",
        "type": "String",
        "length": 0,
        "scale": 0,
        "time_model_entity_id": 0,
        "is_reference_entity": false,
        "save_history": true,
        "use_backdating": false,
        "use_precurse_rows": false,
        "id": 9,
        "name": "ContactName",
        "version": 637534615623050000,
        "metadata": {
          "creation_time": 637534615623050000,
          "modification_time": 637534615623050000,
          "tags": [],
          "caller_role": "NONE"
        }
      },
      "tags": [],
      "software_version": 2
    },
    {
      "id": 10,
      "path": "/",
      "name": "ContactTitle",
      "type": "DomainAttribute",
      "creation_time": 0,
      "modification_time": 0,
      "inner_item": {
        "$type": "DomainAttributeDto",
        "type": "String",
        "length": 0,
        "scale": 0,
        "time_model_entity_id": 0,
        "is_reference_entity": false,
        "save_history": true,
        "use_backdating": false,
        "use_precurse_rows": false,
        "id": 10,
        "name": "ContactTitle",
        "version": 637534615623050000,
        "metadata": {
          "creation_time": 637534615623050000,
          "modification_time": 637534615623050000,
          "tags": [],
          "caller_role": "NONE"
        }
      },
      "tags": [],
      "software_version": 2
    },
    {
      "id": 11,
      "path": "/",
      "name": "Address",
      "type": "DomainAttribute",
      "creation_time": 0,
      "modification_time": 0,
      "inner_item": {
        "$type": "DomainAttributeDto",
        "type": "String",
        "length": 0,
        "scale": 0,
        "time_model_entity_id": 0,
        "is_reference_entity": false,
        "save_history": true,
        "use_backdating": false,
        "use_precurse_rows": false,
        "id": 11,
        "name": "Address",
        "version": 637534615623050000,
        "metadata": {
          "creation_time": 637534615623050000,
          "modification_time": 637534615623050000,
          "tags": [],
          "caller_role": "NONE"
        }
      },
      "tags": [],
      "software_version": 2
    },
    {
      "id": 12,
      "path": "/",
      "name": "City",
      "type": "DomainAttribute",
      "creation_time": 0,
      "modification_time": 0,
      "inner_item": {
        "$type": "DomainAttributeDto",
        "type": "String",
        "length": 0,
        "scale": 0,
        "time_model_entity_id": 0,
        "is_reference_entity": false,
        "save_history": true,
        "use_backdating": false,
        "use_precurse_rows": false,
        "id": 12,
        "name": "City",
        "version": 637534615623050000,
        "metadata": {
          "creation_time": 637534615623050000,
          "modification_time": 637534615623050000,
          "tags": [],
          "caller_role": "NONE"
        }
      },
      "tags": [],
      "software_version": 2
    },
    {
      "id": 13,
      "path": "/",
      "name": "Region",
      "type": "DomainAttribute",
      "creation_time": 0,
      "modification_time": 0,
      "inner_item": {
        "$type": "DomainAttributeDto",
        "type": "String",
        "length": 0,
        "scale": 0,
        "time_model_entity_id": 0,
        "is_reference_entity": false,
        "save_history": true,
        "use_backdating": false,
        "use_precurse_rows": false,
        "id": 13,
        "name": "Region",
        "version": 637534615623050000,
        "metadata": {
          "creation_time": 637534615623050000,
          "modification_time": 637534615623050000,
          "tags": [],
          "caller_role": "NONE"
        }
      },
      "tags": [],
      "software_version": 2
    },
    {
      "id": 14,
      "path": "/",
      "name": "PostalCode",
      "type": "DomainAttribute",
      "creation_time": 0,
      "modification_time": 0,
      "inner_item": {
        "$type": "DomainAttributeDto",
        "type": "String",
        "length": 0,
        "scale": 0,
        "time_model_entity_id": 0,
        "is_reference_entity": false,
        "save_history": true,
        "use_backdating": false,
        "use_precurse_rows": false,
        "id": 14,
        "name": "PostalCode",
        "version": 637534615623050000,
        "metadata": {
          "creation_time": 637534615623050000,
          "modification_time": 637534615623050000,
          "tags": [],
          "caller_role": "NONE"
        }
      },
      "tags": [],
      "software_version": 2
    },
    {
      "id": 15,
      "path": "/",
      "name": "Country",
      "type": "DomainAttribute",
      "creation_time": 0,
      "modification_time": 0,
      "inner_item": {
        "$type": "DomainAttributeDto",
        "type": "String",
        "length": 0,
        "scale": 0,
        "time_model_entity_id": 0,
        "is_reference_entity": false,
        "save_history": true,
        "use_backdating": false,
        "use_precurse_rows": false,
        "id": 15,
        "name": "Country",
        "version": 637534615623050000,
        "metadata": {
          "creation_time": 637534615623050000,
          "modification_time": 637534615623050000,
          "tags": [],
          "caller_role": "NONE"
        }
      },
      "tags": [],
      "software_version": 2
    },
    {
      "id": 16,
      "path": "/",
      "name": "Phone",
      "type": "DomainAttribute",
      "creation_time": 0,
      "modification_time": 0,
      "inner_item": {
        "$type": "DomainAttributeDto",
        "type": "String",
        "length": 0,
        "scale": 0,
        "time_model_entity_id": 0,
        "is_reference_entity": false,
        "save_history": true,
        "use_backdating": false,
        "use_precurse_rows": false,
        "id": 16,
        "name": "Phone",
        "version": 637534615623050000,
        "metadata": {
          "creation_time": 637534615623050000,
          "modification_time": 637534615623050000,
          "tags": [],
          "caller_role": "NONE"
        }
      },
      "tags": [],
      "software_version": 2
    },
    {
      "id": 17,
      "path": "/",
      "name": "Fax",
      "type": "DomainAttribute",
      "creation_time": 0,
      "modification_time": 0,
      "inner_item": {
        "$type": "DomainAttributeDto",
        "type": "String",
        "length": 0,
        "scale": 0,
        "time_model_entity_id": 0,
        "is_reference_entity": false,
        "save_history": true,
        "use_backdating": false,
        "use_precurse_rows": false,
        "id": 17,
        "name": "Fax",
        "version": 637534615623050000,
        "metadata": {
          "creation_time": 637534615623050000,
          "modification_time": 637534615623050000,
          "tags": [],
          "caller_role": "NONE"
        }
      },
      "tags": [],
      "software_version": 2
    },
    {
      "id": 19,
      "path": "/",
      "name": "ProductID",
      "type": "DomainAttribute",
      "creation_time": 0,
      "modification_time": 0,
      "inner_item": {
        "$type": "DomainAttributeDto",
        "type": "Integer",
        "length": 0,
        "scale": 0,
        "time_model_entity_id": 0,
        "is_reference_entity": false,
        "save_history": true,
        "use_backdating": false,
        "use_precurse_rows": false,
        "id": 19,
        "name": "ProductID",
        "version": 637534615629300000,
        "metadata": {
          "creation_time": 637534615629300000,
          "modification_time": 637534615629300000,
          "tags": [],
          "caller_role": "NONE"
        }
      },
      "tags": [],
      "software_version": 2
    },
    {
      "id": 20,
      "path": "/",
      "name": "ProductName",
      "type": "DomainAttribute",
      "creation_time": 0,
      "modification_time": 0,
      "inner_item": {
        "$type": "DomainAttributeDto",
        "type": "String",
        "length": 0,
        "scale": 0,
        "time_model_entity_id": 0,
        "is_reference_entity": false,
        "save_history": true,
        "use_backdating": false,
        "use_precurse_rows": false,
        "id": 20,
        "name": "ProductName",
        "version": 637534615629300000,
        "metadata": {
          "creation_time": 637534615629300000,
          "modification_time": 637534615629300000,
          "tags": [],
          "caller_role": "NONE"
        }
      },
      "tags": [],
      "software_version": 2
    },
    {
      "id": 21,
      "path": "/",
      "name": "SupplierID",
      "type": "DomainAttribute",
      "creation_time": 0,
      "modification_time": 0,
      "inner_item": {
        "$type": "DomainAttributeDto",
        "type": "Integer",
        "length": 0,
        "scale": 0,
        "time_model_entity_id": 0,
        "is_reference_entity": false,
        "save_history": true,
        "use_backdating": false,
        "use_precurse_rows": false,
        "id": 21,
        "name": "SupplierID",
        "version": 637534615629300000,
        "metadata": {
          "creation_time": 637534615629300000,
          "modification_time": 637534615629300000,
          "tags": [],
          "caller_role": "NONE"
        }
      },
      "tags": [],
      "software_version": 2
    },
    {
      "id": 22,
      "path": "/",
      "name": "CategoryID",
      "type": "DomainAttribute",
      "creation_time": 0,
      "modification_time": 0,
      "inner_item": {
        "$type": "DomainAttributeDto",
        "type": "Integer",
        "length": 0,
        "scale": 0,
        "time_model_entity_id": 0,
        "is_reference_entity": false,
        "save_history": true,
        "use_backdating": false,
        "use_precurse_rows": false,
        "id": 22,
        "name": "CategoryID",
        "version": 637534615629300000,
        "metadata": {
          "creation_time": 637534615629300000,
          "modification_time": 637534615629300000,
          "tags": [],
          "caller_role": "NONE"
        }
      },
      "tags": [],
      "software_version": 2
    },
    {
      "id": 23,
      "path": "/",
      "name": "QuantityPerUnit",
      "type": "DomainAttribute",
      "creation_time": 0,
      "modification_time": 0,
      "inner_item": {
        "$type": "DomainAttributeDto",
        "type": "String",
        "length": 0,
        "scale": 0,
        "time_model_entity_id": 0,
        "is_reference_entity": false,
        "save_history": true,
        "use_backdating": false,
        "use_precurse_rows": false,
        "id": 23,
        "name": "QuantityPerUnit",
        "version": 637534615629300000,
        "metadata": {
          "creation_time": 637534615629300000,
          "modification_time": 637534615629300000,
          "tags": [],
          "caller_role": "NONE"
        }
      },
      "tags": [],
      "software_version": 2
    },
    {
      "id": 24,
      "path": "/",
      "name": "UnitPrice",
      "type": "DomainAttribute",
      "creation_time": 0,
      "modification_time": 0,
      "inner_item": {
        "$type": "DomainAttributeDto",
        "type": "Decimal",
        "length": 19,
        "scale": 4,
        "time_model_entity_id": 0,
        "is_reference_entity": false,
        "save_history": true,
        "use_backdating": false,
        "use_precurse_rows": false,
        "id": 24,
        "name": "UnitPrice",
        "version": 637534615629300000,
        "metadata": {
          "creation_time": 637534615629300000,
          "modification_time": 637534615629300000,
          "tags": [],
          "caller_role": "NONE"
        }
      },
      "tags": [],
      "software_version": 2
    },
    {
      "id": 25,
      "path": "/",
      "name": "UnitsInStock",
      "type": "DomainAttribute",
      "creation_time": 0,
      "modification_time": 0,
      "inner_item": {
        "$type": "DomainAttributeDto",
        "type": "Integer",
        "length": 0,
        "scale": 0,
        "time_model_entity_id": 0,
        "is_reference_entity": false,
        "save_history": true,
        "use_backdating": false,
        "use_precurse_rows": false,
        "id": 25,
        "name": "UnitsInStock",
        "version": 637534615629300000,
        "metadata": {
          "creation_time": 637534615629300000,
          "modification_time": 637534615629300000,
          "tags": [],
          "caller_role": "NONE"
        }
      },
      "tags": [],
      "software_version": 2
    },
    {
      "id": 26,
      "path": "/",
      "name": "UnitsOnOrder",
      "type": "DomainAttribute",
      "creation_time": 0,
      "modification_time": 0,
      "inner_item": {
        "$type": "DomainAttributeDto",
        "type": "Integer",
        "length": 0,
        "scale": 0,
        "time_model_entity_id": 0,
        "is_reference_entity": false,
        "save_history": true,
        "use_backdating": false,
        "use_precurse_rows": false,
        "id": 26,
        "name": "UnitsOnOrder",
        "version": 637534615629300000,
        "metadata": {
          "creation_time": 637534615629300000,
          "modification_time": 637534615629300000,
          "tags": [],
          "caller_role": "NONE"
        }
      },
      "tags": [],
      "software_version": 2
    },
    {
      "id": 27,
      "path": "/",
      "name": "ReorderLevel",
      "type": "DomainAttribute",
      "creation_time": 0,
      "modification_time": 0,
      "inner_item": {
        "$type": "DomainAttributeDto",
        "type": "Integer",
        "length": 0,
        "scale": 0,
        "time_model_entity_id": 0,
        "is_reference_entity": false,
        "save_history": true,
        "use_backdating": false,
        "use_precurse_rows": false,
        "id": 27,
        "name": "ReorderLevel",
        "version": 637534615629300000,
        "metadata": {
          "creation_time": 637534615629300000,
          "modification_time": 637534615629300000,
          "tags": [],
          "caller_role": "NONE"
        }
      },
      "tags": [],
      "software_version": 2
    },
    {
      "id": 28,
      "path": "/",
      "name": "Discontinued",
      "type": "DomainAttribute",
      "creation_time": 0,
      "modification_time": 0,
      "inner_item": {
        "$type": "DomainAttributeDto",
        "type": "Integer",
        "length": 0,
        "scale": 0,
        "time_model_entity_id": 0,
        "is_reference_entity": false,
        "save_history": true,
        "use_backdating": false,
        "use_precurse_rows": false,
        "id": 28,
        "name": "Discontinued",
        "version": 637534615629300000,
        "metadata": {
          "creation_time": 637534615629300000,
          "modification_time": 637534615629300000,
          "tags": [],
          "caller_role": "NONE"
        }
      },
      "tags": [],
      "software_version": 2
    },
    {
      "id": 30,
      "path": "/",
      "name": "RegionID",
      "type": "DomainAttribute",
      "creation_time": 0,
      "modification_time": 0,
      "inner_item": {
        "$type": "DomainAttributeDto",
        "type": "Integer",
        "length": 0,
        "scale": 0,
        "time_model_entity_id": 0,
        "is_reference_entity": false,
        "save_history": true,
        "use_backdating": false,
        "use_precurse_rows": false,
        "id": 30,
        "name": "RegionID",
        "version": 637534615633050000,
        "metadata": {
          "creation_time": 637534615633050000,
          "modification_time": 637534615633050000,
          "tags": [],
          "caller_role": "NONE"
        }
      },
      "tags": [],
      "software_version": 2
    },
    {
      "id": 31,
      "path": "/",
      "name": "RegionDescription",
      "type": "DomainAttribute",
      "creation_time": 0,
      "modification_time": 0,
      "inner_item": {
        "$type": "DomainAttributeDto",
        "type": "String",
        "length": 0,
        "scale": 0,
        "time_model_entity_id": 0,
        "is_reference_entity": false,
        "save_history": true,
        "use_backdating": false,
        "use_precurse_rows": false,
        "id": 31,
        "name": "RegionDescription",
        "version": 637534615633050000,
        "metadata": {
          "creation_time": 637534615633050000,
          "modification_time": 637534615633050000,
          "tags": [],
          "caller_role": "NONE"
        }
      },
      "tags": [],
      "software_version": 2
    },
    {
      "id": 33,
      "path": "/",
      "name": "ShipperID",
      "type": "DomainAttribute",
      "creation_time": 0,
      "modification_time": 0,
      "inner_item": {
        "$type": "DomainAttributeDto",
        "type": "Integer",
        "length": 0,
        "scale": 0,
        "time_model_entity_id": 0,
        "is_reference_entity": false,
        "save_history": true,
        "use_backdating": false,
        "use_precurse_rows": false,
        "id": 33,
        "name": "ShipperID",
        "version": 637534615636490000,
        "metadata": {
          "creation_time": 637534615636490000,
          "modification_time": 637534615636490000,
          "tags": [],
          "caller_role": "NONE"
        }
      },
      "tags": [],
      "software_version": 2
    },
    {
      "id": 2,
      "path": "/",
      "name": "Azure Data Lake Databricks",
      "type": "ExecutionServiceDto",
      "creation_time": 0,
      "modification_time": 0,
      "inner_item": {
        "$type": "ExecutionServiceDto",
        "max_runtime_instances_to_keep": 100,
        "name": "Azure Data Lake Databricks",
        "version": 637534846937400000,
        "metadata": {
          "creation_time": 637534611721550000,
          "modification_time": 637534846937400000,
          "tags": [],
          "caller_role": "NONE"
        }
      },
      "tags": [],
      "software_version": 1
    },
    {
      "id": 34,
      "path": "/",
      "name": "bd7e73c5-fd59-482f-a748-bdbd82f6eb50",
      "type": "TableColumn",
      "creation_time": 0,
      "modification_time": 0,
      "inner_item": {
        "$type": "TableColumnDto",
        "poe": 6,
        "pbe": 7,
        "prefix": "",
        "is_primary": true,
        "history_type": "N",
        "block": 0,
        "ordinal": 100,
        "time_model_role_id": 0,
        "id": 34,
        "name": "bd7e73c5-fd59-482f-a748-bdbd82f6eb50",
        "version": 637534615636640000,
        "metadata": {
          "creation_time": 637534615636640000,
          "modification_time": 637534615636640000,
          "tags": [],
          "caller_role": "NONE"
        }
      },
      "tags": [],
      "software_version": 1
    },
    {
      "id": 35,
      "path": "/",
      "name": "8bd20eaf-2ac7-42c2-93af-2f80a2ba1150",
      "type": "TableColumn",
      "creation_time": 0,
      "modification_time": 0,
      "inner_item": {
        "$type": "TableColumnDto",
        "poe": 18,
        "pbe": 19,
        "prefix": "",
        "is_primary": true,
        "history_type": "N",
        "block": 0,
        "ordinal": 100,
        "time_model_role_id": 0,
        "id": 35,
        "name": "8bd20eaf-2ac7-42c2-93af-2f80a2ba1150",
        "version": 637534615636640000,
        "metadata": {
          "creation_time": 637534615636640000,
          "modification_time": 637534615636640000,
          "tags": [],
          "caller_role": "NONE"
        }
      },
      "tags": [],
      "software_version": 1
    },
    {
      "id": 36,
      "path": "/",
      "name": "5ea4082c-8fb4-407f-9746-96cd4293ef59",
      "type": "TableColumn",
      "creation_time": 0,
      "modification_time": 0,
      "inner_item": {
        "$type": "TableColumnDto",
        "poe": 29,
        "pbe": 30,
        "prefix": "",
        "is_primary": true,
        "history_type": "N",
        "block": 0,
        "ordinal": 100,
        "time_model_role_id": 0,
        "id": 36,
        "name": "5ea4082c-8fb4-407f-9746-96cd4293ef59",
        "version": 637534615636640000,
        "metadata": {
          "creation_time": 637534615636640000,
          "modification_time": 637534615636640000,
          "tags": [],
          "caller_role": "NONE"
        }
      },
      "tags": [],
      "software_version": 1
    },
    {
      "id": 37,
      "path": "/",
      "name": "2f08587e-acbd-43aa-bed5-d58a7db095ed",
      "type": "TableColumn",
      "creation_time": 0,
      "modification_time": 0,
      "inner_item": {
        "$type": "TableColumnDto",
        "poe": 32,
        "pbe": 33,
        "prefix": "",
        "is_primary": true,
        "history_type": "N",
        "block": 0,
        "ordinal": 100,
        "time_model_role_id": 0,
        "id": 37,
        "name": "2f08587e-acbd-43aa-bed5-d58a7db095ed",
        "version": 637534615636640000,
        "metadata": {
          "creation_time": 637534615636640000,
          "modification_time": 637534615636640000,
          "tags": [],
          "caller_role": "NONE"
        }
      },
      "tags": [],
      "software_version": 1
    },
    {
      "id": 38,
      "path": "/",
      "name": "ad3fb0cb-107f-4858-ab47-6a29dea1c97d",
      "type": "TableColumn",
      "creation_time": 0,
      "modification_time": 0,
      "inner_item": {
        "$type": "TableColumnDto",
        "poe": 6,
        "pbe": 8,
        "prefix": "",
        "is_primary": false,
        "history_type": "N",
        "block": 0,
        "ordinal": 200,
        "time_model_role_id": 0,
        "id": 38,
        "name": "ad3fb0cb-107f-4858-ab47-6a29dea1c97d",
        "version": 637534615636640000,
        "metadata": {
          "creation_time": 637534615636640000,
          "modification_time": 637534615636640000,
          "tags": [],
          "caller_role": "NONE"
        }
      },
      "tags": [],
      "software_version": 1
    },
    {
      "id": 39,
      "path": "/",
      "name": "da42ec43-ad97-4820-a443-eaf0e3f65239",
      "type": "TableColumn",
      "creation_time": 0,
      "modification_time": 0,
      "inner_item": {
        "$type": "TableColumnDto",
        "poe": 6,
        "pbe": 9,
        "prefix": "",
        "is_primary": false,
        "history_type": "N",
        "block": 0,
        "ordinal": 300,
        "time_model_role_id": 0,
        "id": 39,
        "name": "da42ec43-ad97-4820-a443-eaf0e3f65239",
        "version": 637534615636640000,
        "metadata": {
          "creation_time": 637534615636640000,
          "modification_time": 637534615636640000,
          "tags": [],
          "caller_role": "NONE"
        }
      },
      "tags": [],
      "software_version": 1
    },
    {
      "id": 40,
      "path": "/",
      "name": "ebee4395-03e5-47e0-9948-50430ef16718",
      "type": "TableColumn",
      "creation_time": 0,
      "modification_time": 0,
      "inner_item": {
        "$type": "TableColumnDto",
        "poe": 6,
        "pbe": 10,
        "prefix": "",
        "is_primary": false,
        "history_type": "N",
        "block": 0,
        "ordinal": 400,
        "time_model_role_id": 0,
        "id": 40,
        "name": "ebee4395-03e5-47e0-9948-50430ef16718",
        "version": 637534615636640000,
        "metadata": {
          "creation_time": 637534615636640000,
          "modification_time": 637534615636640000,
          "tags": [],
          "caller_role": "NONE"
        }
      },
      "tags": [],
      "software_version": 1
    },
    {
      "id": 41,
      "path": "/",
      "name": "2af22714-82b8-4043-93a8-f52c6f061a59",
      "type": "TableColumn",
      "creation_time": 0,
      "modification_time": 0,
      "inner_item": {
        "$type": "TableColumnDto",
        "poe": 6,
        "pbe": 11,
        "prefix": "",
        "is_primary": false,
        "history_type": "N",
        "block": 0,
        "ordinal": 500,
        "time_model_role_id": 0,
        "id": 41,
        "name": "2af22714-82b8-4043-93a8-f52c6f061a59",
        "version": 637534615636640000,
        "metadata": {
          "creation_time": 637534615636640000,
          "modification_time": 637534615636640000,
          "tags": [],
          "caller_role": "NONE"
        }
      },
      "tags": [],
      "software_version": 1
    },
    {
      "id": 42,
      "path": "/",
      "name": "8236f930-f065-42ca-bc74-9e2a81a31c2a",
      "type": "TableColumn",
      "creation_time": 0,
      "modification_time": 0,
      "inner_item": {
        "$type": "TableColumnDto",
        "poe": 6,
        "pbe": 12,
        "prefix": "",
        "is_primary": false,
        "history_type": "N",
        "block": 0,
        "ordinal": 600,
        "time_model_role_id": 0,
        "id": 42,
        "name": "8236f930-f065-42ca-bc74-9e2a81a31c2a",
        "version": 637534615636640000,
        "metadata": {
          "creation_time": 637534615636640000,
          "modification_time": 637534615636640000,
          "tags": [],
          "caller_role": "NONE"
        }
      },
      "tags": [],
      "software_version": 1
    },
    {
      "id": 43,
      "path": "/",
      "name": "8f26852e-2e98-43c8-ae08-ed5d13d51395",
      "type": "TableColumn",
      "creation_time": 0,
      "modification_time": 0,
      "inner_item": {
        "$type": "TableColumnDto",
        "poe": 6,
        "pbe": 13,
        "prefix": "",
        "is_primary": false,
        "history_type": "N",
        "block": 0,
        "ordinal": 700,
        "time_model_role_id": 0,
        "id": 43,
        "name": "8f26852e-2e98-43c8-ae08-ed5d13d51395",
        "version": 637534615636640000,
        "metadata": {
          "creation_time": 637534615636640000,
          "modification_time": 637534615636640000,
          "tags": [],
          "caller_role": "NONE"
        }
      },
      "tags": [],
      "software_version": 1
    },
    {
      "id": 44,
      "path": "/",
      "name": "20065425-a121-48a9-a031-e17a7072ea96",
      "type": "TableColumn",
      "creation_time": 0,
      "modification_time": 0,
      "inner_item": {
        "$type": "TableColumnDto",
        "poe": 6,
        "pbe": 14,
        "prefix": "",
        "is_primary": false,
        "history_type": "N",
        "block": 0,
        "ordinal": 800,
        "time_model_role_id": 0,
        "id": 44,
        "name": "20065425-a121-48a9-a031-e17a7072ea96",
        "version": 637534615636640000,
        "metadata": {
          "creation_time": 637534615636640000,
          "modification_time": 637534615636640000,
          "tags": [],
          "caller_role": "NONE"
        }
      },
      "tags": [],
      "software_version": 1
    },
    {
      "id": 45,
      "path": "/",
      "name": "b5bb5580-915d-47d1-aa91-56cbe46a898a",
      "type": "TableColumn",
      "creation_time": 0,
      "modification_time": 0,
      "inner_item": {
        "$type": "TableColumnDto",
        "poe": 6,
        "pbe": 15,
        "prefix": "",
        "is_primary": false,
        "history_type": "N",
        "block": 0,
        "ordinal": 900,
        "time_model_role_id": 0,
        "id": 45,
        "name": "b5bb5580-915d-47d1-aa91-56cbe46a898a",
        "version": 637534615636640000,
        "metadata": {
          "creation_time": 637534615636640000,
          "modification_time": 637534615636640000,
          "tags": [],
          "caller_role": "NONE"
        }
      },
      "tags": [],
      "software_version": 1
    },
    {
      "id": 46,
      "path": "/",
      "name": "03123dd8-3be2-4b3a-b74b-43f4bcbed9af",
      "type": "TableColumn",
      "creation_time": 0,
      "modification_time": 0,
      "inner_item": {
        "$type": "TableColumnDto",
        "poe": 6,
        "pbe": 16,
        "prefix": "",
        "is_primary": false,
        "history_type": "N",
        "block": 0,
        "ordinal": 1000,
        "time_model_role_id": 0,
        "id": 46,
        "name": "03123dd8-3be2-4b3a-b74b-43f4bcbed9af",
        "version": 637534615636640000,
        "metadata": {
          "creation_time": 637534615636640000,
          "modification_time": 637534615636640000,
          "tags": [],
          "caller_role": "NONE"
        }
      },
      "tags": [],
      "software_version": 1
    },
    {
      "id": 47,
      "path": "/",
      "name": "c19a00d7-195e-4aa0-acdb-b5b5afc10a83",
      "type": "TableColumn",
      "creation_time": 0,
      "modification_time": 0,
      "inner_item": {
        "$type": "TableColumnDto",
        "poe": 6,
        "pbe": 17,
        "prefix": "",
        "is_primary": false,
        "history_type": "N",
        "block": 0,
        "ordinal": 1100,
        "time_model_role_id": 0,
        "id": 47,
        "name": "c19a00d7-195e-4aa0-acdb-b5b5afc10a83",
        "version": 637534615636640000,
        "metadata": {
          "creation_time": 637534615636640000,
          "modification_time": 637534615636640000,
          "tags": [],
          "caller_role": "NONE"
        }
      },
      "tags": [],
      "software_version": 1
    },
    {
      "id": 48,
      "path": "/",
      "name": "e4e0092d-fe36-4acb-9882-a78c3b6a21d7",
      "type": "TableColumn",
      "creation_time": 0,
      "modification_time": 0,
      "inner_item": {
        "$type": "TableColumnDto",
        "poe": 18,
        "pbe": 20,
        "prefix": "",
        "is_primary": false,
        "history_type": "N",
        "block": 0,
        "ordinal": 200,
        "time_model_role_id": 0,
        "id": 48,
        "name": "e4e0092d-fe36-4acb-9882-a78c3b6a21d7",
        "version": 637534615636640000,
        "metadata": {
          "creation_time": 637534615636640000,
          "modification_time": 637534615636640000,
          "tags": [],
          "caller_role": "NONE"
        }
      },
      "tags": [],
      "software_version": 1
    },
    {
      "id": 49,
      "path": "/",
      "name": "ef33b368-8ffb-4b3a-89a4-7f0da276be86",
      "type": "TableColumn",
      "creation_time": 0,
      "modification_time": 0,
      "inner_item": {
        "$type": "TableColumnDto",
        "poe": 18,
        "pbe": 21,
        "prefix": "",
        "is_primary": false,
        "history_type": "N",
        "block": 0,
        "ordinal": 300,
        "time_model_role_id": 0,
        "id": 49,
        "name": "ef33b368-8ffb-4b3a-89a4-7f0da276be86",
        "version": 637534615636640000,
        "metadata": {
          "creation_time": 637534615636640000,
          "modification_time": 637534615636640000,
          "tags": [],
          "caller_role": "NONE"
        }
      },
      "tags": [],
      "software_version": 1
    },
    {
      "id": 50,
      "path": "/",
      "name": "105d0334-ab3a-4c04-9e65-b89fe1e9eb57",
      "type": "TableColumn",
      "creation_time": 0,
      "modification_time": 0,
      "inner_item": {
        "$type": "TableColumnDto",
        "poe": 18,
        "pbe": 22,
        "prefix": "",
        "is_primary": false,
        "history_type": "N",
        "block": 0,
        "ordinal": 400,
        "time_model_role_id": 0,
        "id": 50,
        "name": "105d0334-ab3a-4c04-9e65-b89fe1e9eb57",
        "version": 637534615636640000,
        "metadata": {
          "creation_time": 637534615636640000,
          "modification_time": 637534615636640000,
          "tags": [],
          "caller_role": "NONE"
        }
      },
      "tags": [],
      "software_version": 1
    },
    {
      "id": 51,
      "path": "/",
      "name": "02a7c4e8-6570-47f1-b60e-0a80a15cfc27",
      "type": "TableColumn",
      "creation_time": 0,
      "modification_time": 0,
      "inner_item": {
        "$type": "TableColumnDto",
        "poe": 18,
        "pbe": 23,
        "prefix": "",
        "is_primary": false,
        "history_type": "N",
        "block": 0,
        "ordinal": 500,
        "time_model_role_id": 0,
        "id": 51,
        "name": "02a7c4e8-6570-47f1-b60e-0a80a15cfc27",
        "version": 637534615636640000,
        "metadata": {
          "creation_time": 637534615636640000,
          "modification_time": 637534615636640000,
          "tags": [],
          "caller_role": "NONE"
        }
      },
      "tags": [],
      "software_version": 1
    },
    {
      "id": 52,
      "path": "/",
      "name": "1431a71f-aea0-4557-82b1-39c24839ba52",
      "type": "TableColumn",
      "creation_time": 0,
      "modification_time": 0,
      "inner_item": {
        "$type": "TableColumnDto",
        "poe": 18,
        "pbe": 24,
        "prefix": "",
        "is_primary": false,
        "history_type": "N",
        "block": 0,
        "ordinal": 600,
        "time_model_role_id": 0,
        "id": 52,
        "name": "1431a71f-aea0-4557-82b1-39c24839ba52",
        "version": 637534615636640000,
        "metadata": {
          "creation_time": 637534615636640000,
          "modification_time": 637534615636640000,
          "tags": [],
          "caller_role": "NONE"
        }
      },
      "tags": [],
      "software_version": 1
    },
    {
      "id": 53,
      "path": "/",
      "name": "43552900-9d46-4edd-8190-7989c09da606",
      "type": "TableColumn",
      "creation_time": 0,
      "modification_time": 0,
      "inner_item": {
        "$type": "TableColumnDto",
        "poe": 18,
        "pbe": 25,
        "prefix": "",
        "is_primary": false,
        "history_type": "N",
        "block": 0,
        "ordinal": 700,
        "time_model_role_id": 0,
        "id": 53,
        "name": "43552900-9d46-4edd-8190-7989c09da606",
        "version": 637534615636640000,
        "metadata": {
          "creation_time": 637534615636640000,
          "modification_time": 637534615636640000,
          "tags": [],
          "caller_role": "NONE"
        }
      },
      "tags": [],
      "software_version": 1
    },
    {
      "id": 54,
      "path": "/",
      "name": "b0ae307e-4b2d-460d-90af-3ad4bec79a1a",
      "type": "TableColumn",
      "creation_time": 0,
      "modification_time": 0,
      "inner_item": {
        "$type": "TableColumnDto",
        "poe": 18,
        "pbe": 26,
        "prefix": "",
        "is_primary": false,
        "history_type": "N",
        "block": 0,
        "ordinal": 800,
        "time_model_role_id": 0,
        "id": 54,
        "name": "b0ae307e-4b2d-460d-90af-3ad4bec79a1a",
        "version": 637534615636640000,
        "metadata": {
          "creation_time": 637534615636640000,
          "modification_time": 637534615636640000,
          "tags": [],
          "caller_role": "NONE"
        }
      },
      "tags": [],
      "software_version": 1
    },
    {
      "id": 55,
      "path": "/",
      "name": "03d996e0-b821-4c5c-9eab-2ea5a0330be8",
      "type": "TableColumn",
      "creation_time": 0,
      "modification_time": 0,
      "inner_item": {
        "$type": "TableColumnDto",
        "poe": 18,
        "pbe": 27,
        "prefix": "",
        "is_primary": false,
        "history_type": "N",
        "block": 0,
        "ordinal": 900,
        "time_model_role_id": 0,
        "id": 55,
        "name": "03d996e0-b821-4c5c-9eab-2ea5a0330be8",
        "version": 637534615636640000,
        "metadata": {
          "creation_time": 637534615636640000,
          "modification_time": 637534615636640000,
          "tags": [],
          "caller_role": "NONE"
        }
      },
      "tags": [],
      "software_version": 1
    },
    {
      "id": 56,
      "path": "/",
      "name": "6c369144-4a6c-4d02-ab13-55831552bc10",
      "type": "TableColumn",
      "creation_time": 0,
      "modification_time": 0,
      "inner_item": {
        "$type": "TableColumnDto",
        "poe": 18,
        "pbe": 28,
        "prefix": "",
        "is_primary": false,
        "history_type": "N",
        "block": 0,
        "ordinal": 1000,
        "time_model_role_id": 0,
        "id": 56,
        "name": "6c369144-4a6c-4d02-ab13-55831552bc10",
        "version": 637534615636640000,
        "metadata": {
          "creation_time": 637534615636640000,
          "modification_time": 637534615636640000,
          "tags": [],
          "caller_role": "NONE"
        }
      },
      "tags": [],
      "software_version": 1
    },
    {
      "id": 57,
      "path": "/",
      "name": "f25d3b75-7a33-4e5c-ae5a-c5f2e8ff2dba",
      "type": "TableColumn",
      "creation_time": 0,
      "modification_time": 0,
      "inner_item": {
        "$type": "TableColumnDto",
        "poe": 29,
        "pbe": 31,
        "prefix": "",
        "is_primary": false,
        "history_type": "N",
        "block": 0,
        "ordinal": 200,
        "time_model_role_id": 0,
        "id": 57,
        "name": "f25d3b75-7a33-4e5c-ae5a-c5f2e8ff2dba",
        "version": 637534615636640000,
        "metadata": {
          "creation_time": 637534615636640000,
          "modification_time": 637534615636640000,
          "tags": [],
          "caller_role": "NONE"
        }
      },
      "tags": [],
      "software_version": 1
    },
    {
      "id": 58,
      "path": "/",
      "name": "19e23a00-e026-4132-92a7-b3b41a743ec1",
      "type": "TableColumn",
      "creation_time": 0,
      "modification_time": 0,
      "inner_item": {
        "$type": "TableColumnDto",
        "poe": 32,
        "pbe": 8,
        "prefix": "",
        "is_primary": false,
        "history_type": "N",
        "block": 0,
        "ordinal": 200,
        "time_model_role_id": 0,
        "id": 58,
        "name": "19e23a00-e026-4132-92a7-b3b41a743ec1",
        "version": 637534615636640000,
        "metadata": {
          "creation_time": 637534615636640000,
          "modification_time": 637534615636640000,
          "tags": [],
          "caller_role": "NONE"
        }
      },
      "tags": [],
      "software_version": 1
    },
    {
      "id": 59,
      "path": "/",
      "name": "c4f526f4-09c8-43da-b4da-3abfcadab2a5",
      "type": "TableColumn",
      "creation_time": 0,
      "modification_time": 0,
      "inner_item": {
        "$type": "TableColumnDto",
        "poe": 32,
        "pbe": 16,
        "prefix": "",
        "is_primary": false,
        "history_type": "N",
        "block": 0,
        "ordinal": 300,
        "time_model_role_id": 0,
        "id": 59,
        "name": "c4f526f4-09c8-43da-b4da-3abfcadab2a5",
        "version": 637534615636640000,
        "metadata": {
          "creation_time": 637534615636640000,
          "modification_time": 637534615636640000,
          "tags": [],
          "caller_role": "NONE"
        }
      },
      "tags": [],
      "software_version": 1
    },
    {
      "id": 62,
      "path": "/",
      "name": "Map_customers_Landing",
      "type": "Mapping",
      "creation_time": 0,
      "modification_time": 0,
      "inner_item": {
        "$type": "MappingDto",
        "entity_id": 6,
        "is_active_mapping_pi": false,
        "schema": "borxu_landing_source",
        "database_id": 5,
        "table_name": "customers",
        "mapping_type": "TABLE",
        "is_aggregated": false,
        "mapping_fields": [
          {
            "mapping_type": "DIRECT",
            "source_col_name": "CustomerID",
            "staging_col_name_int": "COLID_34_7"
          },
          {
            "mapping_type": "DIRECT",
            "source_col_name": "CompanyName",
            "staging_col_name_int": "COLID_38_8"
          },
          {
            "mapping_type": "DIRECT",
            "source_col_name": "ContactName",
            "staging_col_name_int": "COLID_39_9"
          },
          {
            "mapping_type": "DIRECT",
            "source_col_name": "ContactTitle",
            "staging_col_name_int": "COLID_40_10"
          },
          {
            "mapping_type": "DIRECT",
            "source_col_name": "Address",
            "staging_col_name_int": "COLID_41_11"
          },
          {
            "mapping_type": "DIRECT",
            "source_col_name": "City",
            "staging_col_name_int": "COLID_42_12"
          },
          {
            "mapping_type": "DIRECT",
            "source_col_name": "Region",
            "staging_col_name_int": "COLID_43_13"
          },
          {
            "mapping_type": "DIRECT",
            "source_col_name": "PostalCode",
            "staging_col_name_int": "COLID_44_14"
          },
          {
            "mapping_type": "DIRECT",
            "source_col_name": "Country",
            "staging_col_name_int": "COLID_45_15"
          },
          {
            "mapping_type": "DIRECT",
            "source_col_name": "Phone",
            "staging_col_name_int": "COLID_46_16"
          },
          {
            "mapping_type": "DIRECT",
            "source_col_name": "Fax",
            "staging_col_name_int": "COLID_47_17"
          }
        ],
        "data_quality_rules": [
          {
            "action": "REJECT_AND_REPORT",
            "type": "EXPRESSION",
            "name": "Business Keys cannot be NULL",
            "enabled": false,
            "order": 0,
            "is_internal": true
          }
        ],
        "cleansing_rules": [],
        "null_behaviour": "USE_ETL_SETTING",
        "refresh_realtime_view": false,
        "id": 62,
        "name": "Map_customers_Landing",
        "version": 637534615637740000,
        "metadata": {
          "creation_time": 637534615637430000,
          "modification_time": 637534615637740000,
          "tags": [],
          "caller_role": "NONE"
        }
      },
      "tags": [],
      "software_version": 2
    },
    {
      "id": 63,
      "path": "/",
      "name": "Map_products_Landing",
      "type": "Mapping",
      "creation_time": 0,
      "modification_time": 0,
      "inner_item": {
        "$type": "MappingDto",
        "entity_id": 18,
        "is_active_mapping_pi": false,
        "schema": "borxu_landing_source",
        "database_id": 5,
        "table_name": "products",
        "mapping_type": "TABLE",
        "is_aggregated": false,
        "mapping_fields": [
          {
            "mapping_type": "DIRECT",
            "source_col_name": "ProductID",
            "staging_col_name_int": "COLID_35_19"
          },
          {
            "mapping_type": "DIRECT",
            "source_col_name": "ProductName",
            "staging_col_name_int": "COLID_48_20"
          },
          {
            "mapping_type": "DIRECT",
            "source_col_name": "SupplierID",
            "staging_col_name_int": "COLID_49_21"
          },
          {
            "mapping_type": "DIRECT",
            "source_col_name": "CategoryID",
            "staging_col_name_int": "COLID_50_22"
          },
          {
            "mapping_type": "DIRECT",
            "source_col_name": "QuantityPerUnit",
            "staging_col_name_int": "COLID_51_23"
          },
          {
            "mapping_type": "DIRECT",
            "source_col_name": "UnitPrice",
            "staging_col_name_int": "COLID_52_24"
          },
          {
            "mapping_type": "DIRECT",
            "source_col_name": "UnitsInStock",
            "staging_col_name_int": "COLID_53_25"
          },
          {
            "mapping_type": "DIRECT",
            "source_col_name": "UnitsOnOrder",
            "staging_col_name_int": "COLID_54_26"
          },
          {
            "mapping_type": "DIRECT",
            "source_col_name": "ReorderLevel",
            "staging_col_name_int": "COLID_55_27"
          },
          {
            "mapping_type": "DIRECT",
            "source_col_name": "Discontinued",
            "staging_col_name_int": "COLID_56_28"
          }
        ],
        "data_quality_rules": [
          {
            "action": "REJECT_AND_REPORT",
            "type": "EXPRESSION",
            "name": "Business Keys cannot be NULL",
            "enabled": false,
            "order": 0,
            "is_internal": true
          }
        ],
        "cleansing_rules": [],
        "null_behaviour": "USE_ETL_SETTING",
        "refresh_realtime_view": false,
        "id": 63,
        "name": "Map_products_Landing",
        "version": 637534615637910000,
        "metadata": {
          "creation_time": 637534615637900000,
          "modification_time": 637534615637910000,
          "tags": [],
          "caller_role": "NONE"
        }
      },
      "tags": [],
      "software_version": 2
    },
    {
      "id": 64,
      "path": "/",
      "name": "Map_region_Landing",
      "type": "Mapping",
      "creation_time": 0,
      "modification_time": 0,
      "inner_item": {
        "$type": "MappingDto",
        "entity_id": 29,
        "is_active_mapping_pi": false,
        "schema": "borxu_landing_source",
        "database_id": 5,
        "table_name": "region",
        "mapping_type": "TABLE",
        "is_aggregated": false,
        "mapping_fields": [
          {
            "mapping_type": "DIRECT",
            "source_col_name": "RegionID",
            "staging_col_name_int": "COLID_36_30"
          },
          {
            "mapping_type": "DIRECT",
            "source_col_name": "RegionDescription",
            "staging_col_name_int": "COLID_57_31"
          }
        ],
        "data_quality_rules": [
          {
            "action": "REJECT_AND_REPORT",
            "type": "EXPRESSION",
            "name": "Business Keys cannot be NULL",
            "enabled": false,
            "order": 0,
            "is_internal": true
          }
        ],
        "cleansing_rules": [],
        "null_behaviour": "USE_ETL_SETTING",
        "refresh_realtime_view": false,
        "id": 64,
        "name": "Map_region_Landing",
        "version": 637534615637910000,
        "metadata": {
          "creation_time": 637534615637900000,
          "modification_time": 637534615637910000,
          "tags": [],
          "caller_role": "NONE"
        }
      },
      "tags": [],
      "software_version": 2
    },
    {
      "id": 65,
      "path": "/",
      "name": "Map_shippers_Landing",
      "type": "Mapping",
      "creation_time": 0,
      "modification_time": 0,
      "inner_item": {
        "$type": "MappingDto",
        "entity_id": 32,
        "is_active_mapping_pi": false,
        "schema": "borxu_landing_source",
        "database_id": 5,
        "table_name": "shippers",
        "mapping_type": "TABLE",
        "is_aggregated": false,
        "mapping_fields": [
          {
            "mapping_type": "DIRECT",
            "source_col_name": "ShipperID",
            "staging_col_name_int": "COLID_37_33"
          },
          {
            "mapping_type": "DIRECT",
            "source_col_name": "CompanyName",
            "staging_col_name_int": "COLID_58_8"
          },
          {
            "mapping_type": "DIRECT",
            "source_col_name": "Phone",
            "staging_col_name_int": "COLID_59_16"
          }
        ],
        "data_quality_rules": [
          {
            "action": "REJECT_AND_REPORT",
            "type": "EXPRESSION",
            "name": "Business Keys cannot be NULL",
            "enabled": false,
            "order": 0,
            "is_internal": true
          }
        ],
        "cleansing_rules": [],
        "null_behaviour": "USE_ETL_SETTING",
        "refresh_realtime_view": false,
        "id": 65,
        "name": "Map_shippers_Landing",
        "version": 637534615638060000,
        "metadata": {
          "creation_time": 637534615638050000,
          "modification_time": 637534615638060000,
          "tags": [],
          "caller_role": "NONE"
        }
      },
      "tags": [],
      "software_version": 2
    },
    {
      "id": 60,
      "path": "/",
      "name": "Landing",
      "type": "ETLInfo",
      "creation_time": 0,
      "modification_time": 0,
      "inner_item": {
        "$type": "ETLInfoDto",
        "data": {
          "seqr_processing": false,
          "FULLREBUILD": false,
          "SELOFRUNS": 0,
          "EMPTYRUNNRSTABLE": true,
          "INSERTRUNNRSTABLE": true,
          "MAXCDC_COLUMNS": 10,
          "SPLITRELSANDATTS": false,
          "STOPAFTERSTAGING": false,
          "PARAM_RUNNR": "1",
          "dm_cohorts": [],
          "engine_settings": {
            "thread_connection_settings": {
              "thread_pool_size": 10,
              "thread_pool_max": 18,
              "thread_queue_max": 10000,
              "thread_timeout": 3000
            },
            "database_connection_settings": {
              "db_pool_size": 200,
              "db_reap_interval": 30000,
              "db_lease_timeout": 60000,
              "print_db_leases": false
            },
            "engine_logging_settings": {
              "log_level": "INFO",
              "log_file": "$project-path$\\$task-name$\\$task-name$_Log.log",
              "log_file_timestamp": true,
              "log_console": true,
              "log_stack_trace": false,
              "log_jdbc_driver_output": false,
              "log_mapping_fields": false,
              "log_mapping_values": false,
              "log_sync_provider_output": false,
              "log_prep_statmt_bindings": false,
              "log_dbms_leasing": false,
              "log_table_contents": false,
              "log_sql_monitor_output": false,
              "log_param_substitution": false,
              "log_mop_ids": false,
              "log_java_env": false,
              "log_mopping_state": false,
              "log_table_cache_rows": 20,
              "print_final_log": false,
              "print_dbms_info": false,
              "create_missing_tables": false
            },
            "mopping_thread_settings": {
              "mop_direct_write": false,
              "mop_thread_pool_size": 18,
              "mop_thread_pool_max": 18,
              "mop_thread_queue_max": 2500,
              "mop_thread_timeout": 3000,
              "mop_write_queue_max": 100,
              "mop_no_id_ledelins": true,
              "mop_without_write": false
            },
            "general_settings": {
              "java_mem": "-Xms1024M -Xmx4096M",
              "stt_date": "NOW",
              "up_ddate": "NOW",
              "tgt_os": "MSWL",
              "tgt_sh": "cmd",
              "validate_data_types": false,
              "validate_only": false,
              "fetch_size": 1000,
              "batch_max_rows": 20,
              "nr_of_committed_rows": 10000,
              "parameter_worm": true,
              "instruction_delay": false,
              "memory_reaper": false,
              "ORACLE_DATADIRECT": false,
              "ORACLE_TNSNAMES": "",
              "SQLSERVER_DATADIRECT": false,
              "SQLSERVER_DRIVER_1_1": true,
              "JTDS": false,
              "DB2_DATADIRECT": false,
              "encrypted_password": true,
              "change_processing_by_query": false
            },
            "advanced_settings": {
              "retain_stg_tables": false,
              "retain_imt_tables": false,
              "imt_tables_volatile": false,
              "write_etl_cmnds_to_db": false
            },
            "spark_settings": {
              "properties": {}
            }
          },
          "Using_Max_partitions_for_CDC": false,
          "Max_partitions_for_CDC": 0,
          "workflow_position": 1,
          "dwh_full_load": false,
          "dm_enable_table_logging": false,
          "allow_updating_to_null": true,
          "do_not_create_indexes": false,
          "CDC__delay": 0
        },
        "active_mappings": [
          62,
          63,
          64,
          65
        ],
        "entity_action": [],
        "etl_type": "DataWarehouse",
        "active_custom_etls": [],
        "task_Stage": "DataWarehouse",
        "id": 60,
        "name": "Landing",
        "version": 637534631379450000,
        "metadata": {
          "creation_time": 637534615636960000,
          "modification_time": 637534631379450000,
          "tags": [],
          "caller_role": "NONE"
        }
      },
      "tags": [],
      "software_version": 1
    },
    {
      "id": 61,
      "path": "/",
      "name": "Landing_CDC",
      "type": "ETLInfo",
      "creation_time": 0,
      "modification_time": 0,
      "inner_item": {
        "$type": "ETLInfoDto",
        "data": {
          "seqr_processing": false,
          "FULLREBUILD": false,
          "SELOFRUNS": 0,
          "EMPTYRUNNRSTABLE": true,
          "INSERTRUNNRSTABLE": true,
          "MAXCDC_COLUMNS": 10,
          "SPLITRELSANDATTS": false,
          "STOPAFTERSTAGING": false,
          "PARAM_RUNNR": "1",
          "dm_cohorts": [],
          "engine_settings": {
            "thread_connection_settings": {
              "thread_pool_size": 10,
              "thread_pool_max": 18,
              "thread_queue_max": 10000,
              "thread_timeout": 3000
            },
            "database_connection_settings": {
              "db_pool_size": 200,
              "db_reap_interval": 30000,
              "db_lease_timeout": 60000,
              "print_db_leases": false
            },
            "engine_logging_settings": {
              "log_level": "INFO",
              "log_file": "$project-path$\\$task-name$\\$task-name$_Log.log",
              "log_file_timestamp": true,
              "log_console": true,
              "log_stack_trace": false,
              "log_jdbc_driver_output": false,
              "log_mapping_fields": false,
              "log_mapping_values": false,
              "log_sync_provider_output": false,
              "log_prep_statmt_bindings": false,
              "log_dbms_leasing": false,
              "log_table_contents": false,
              "log_sql_monitor_output": false,
              "log_param_substitution": false,
              "log_mop_ids": false,
              "log_java_env": false,
              "log_mopping_state": false,
              "log_table_cache_rows": 20,
              "print_final_log": false,
              "print_dbms_info": false,
              "create_missing_tables": false
            },
            "mopping_thread_settings": {
              "mop_direct_write": false,
              "mop_thread_pool_size": 18,
              "mop_thread_pool_max": 18,
              "mop_thread_queue_max": 2500,
              "mop_thread_timeout": 3000,
              "mop_write_queue_max": 100,
              "mop_no_id_ledelins": true,
              "mop_without_write": false
            },
            "general_settings": {
              "java_mem": "-Xms1024M -Xmx4096M",
              "stt_date": "NOW",
              "up_ddate": "NOW",
              "tgt_os": "MSWL",
              "tgt_sh": "cmd",
              "validate_data_types": false,
              "validate_only": false,
              "fetch_size": 1000,
              "batch_max_rows": 20,
              "nr_of_committed_rows": 10000,
              "parameter_worm": true,
              "instruction_delay": false,
              "memory_reaper": false,
              "ORACLE_DATADIRECT": false,
              "ORACLE_TNSNAMES": "",
              "SQLSERVER_DATADIRECT": false,
              "SQLSERVER_DRIVER_1_1": true,
              "JTDS": false,
              "DB2_DATADIRECT": false,
              "encrypted_password": true,
              "change_processing_by_query": false
            },
            "advanced_settings": {
              "retain_stg_tables": false,
              "retain_imt_tables": false,
              "imt_tables_volatile": false,
              "write_etl_cmnds_to_db": false
            },
            "spark_settings": {
              "properties": {}
            }
          },
          "Using_Max_partitions_for_CDC": false,
          "Max_partitions_for_CDC": 0,
          "workflow_position": 1,
          "dwh_full_load": false,
          "dm_enable_table_logging": false,
          "allow_updating_to_null": true,
          "do_not_create_indexes": false,
          "CDC__delay": 0
        },
        "active_mappings": [
          62,
          63,
          64,
          65
        ],
        "entity_action": [
          {
            "handle_duplicates": true,
            "ext_load": false,
            "entity_id": 6
          },
          {
            "handle_duplicates": true,
            "ext_load": false,
            "entity_id": 18
          },
          {
            "handle_duplicates": true,
            "ext_load": false,
            "entity_id": 29
          },
          {
            "handle_duplicates": true,
            "ext_load": false,
            "entity_id": 32
          }
        ],
        "etl_type": "DataWarehouse_CDC",
        "active_custom_etls": [],
        "task_Stage": "DataWarehouse",
        "id": 61,
        "name": "Landing_CDC",
        "version": 637534695831840000,
        "metadata": {
          "creation_time": 637534615637110000,
          "modification_time": 637534695831840000,
          "tags": [],
          "caller_role": "NONE"
        }
      },
      "tags": [],
      "software_version": 1
    }
  ]
}